-94.29533386230469,-330.8218078613281,0.261152971256
-94.20149704254803,-330.7967294970657,0.261148961981
-94.10765869252157,-330.771651530011,0.261136934494
-94.01381728195553,-330.7465743573721,0.261116889819
-93.9199712805801,-330.72149837635664,0.261088829659
-93.82611915812554,-330.6964239841725,0.261052756398
-93.73225938432198,-330.67135157802744,0.2610086731
-93.6383904288997,-330.6462815551294,0.260956583511
-93.54451076158885,-330.6212143126862,0.260896492054
-93.4506188521197,-330.5961502479056,0.26082840383
-93.35671317022242,-330.5710897579954,0.26075232462
-93.2627921856272,-330.5460332401636,0.260668260879
-93.1688543680643,-330.5209810916179,0.260576219737
-93.07489818726387,-330.49593370956615,0.260476208998
-92.98092211295618,-330.4708914912161,0.26036823714
-92.88692461487138,-330.4458548337757,0.260252313308
-92.79290416273973,-330.42082413445274,0.26012844732
-92.6988592262914,-330.3957997904551,0.259996649657
-92.60478827525661,-330.37078219899047,0.259856931468
-92.51068977936558,-330.3457717572668,0.259709304564
-92.4165622083485,-330.3207688624919,0.259553781416
-92.32240403193559,-330.29577391187354,0.259390375154
-92.22821371985705,-330.27078730261957,0.259219099564
-92.13398974184311,-330.2458094319379,0.259039969085
-92.03973056762393,-330.2208406970363,0.258852998805
-91.94543466692978,-330.1958814951226,0.258658204464
-91.85110050949085,-330.1709322234046,0.258455602442
-91.75672656503731,-330.14599327909013,0.258245209763
-91.6623113032994,-330.1210650593871,0.25802704409
-91.56785319400733,-330.0961479615032,0.257801123719
-91.47335070689131,-330.07124238264646,0.257567467581
-91.37880231168151,-330.0463487200245,0.257326095232
-91.2842064781082,-330.0214673708453,0.257077026854
-91.18956167590154,-329.9965987323166,0.256820283251
-91.09486637479178,-329.9717432016463,0.256555885842
-91.00011904450909,-329.94690117604216,0.256283856659
-90.90531815478369,-329.92207305271205,0.256004218344
-90.81046217534579,-329.89725922886373,0.255716994144
-90.71554957592559,-329.87246010170514,0.255422207904
-90.62057882625334,-329.84767606844406,0.255119884068
-90.52554839605918,-329.8229075262883,0.25481004767
-90.43045675507338,-329.79815487244565,0.254492724329
-90.33530237302611,-329.77341850412404,0.254167940249
-90.24008371964759,-329.7486988185313,0.253835722211
-90.14479926466804,-329.72399621287514,0.253496097566
-90.04944747781764,-329.69931108436344,0.253149094234
-89.95402682882663,-329.6746438302041,0.252794740698
-89.8585357874252,-329.64999484760494,0.252433065996
-89.76297282334356,-329.6253645337737,0.25206409972
-89.66733640631192,-329.6007532859182,0.251687872007
-89.5716250060605,-329.5761615012464,0.251304413534
-89.47583709231951,-329.551589576966,0.250913755515
-89.37997113481912,-329.52703791028495,0.250515929694
-89.28402560328958,-329.50250689841096,0.250110968337
-89.18799896746107,-329.47799693855194,0.249698904229
-89.09188969706382,-329.45350842791566,0.249279770668
-88.99569626182802,-329.42904176370996,0.248853601458
-88.8994171314839,-329.40459734314277,0.248420430902
-88.80305077576165,-329.3801755634218,0.247980293798
-88.70659566439149,-329.3557768217549,0.247533225433
-88.61005026710363,-329.3314015153499,0.247079261574
-88.51341305362826,-329.3070500414147,0.246618438463
-88.4166824936956,-329.282722797157,0.246150792813
-88.31985705703586,-329.2584201797848,0.245676361796
-88.22293521337924,-329.23414258650575,0.245195183044
-88.12591543245597,-329.20989041452776,0.244707294635
-88.02879618399623,-329.18566406105873,0.244212735091
-87.93157593773024,-329.16146392330637,0.243711543369
-87.83425316338823,-329.13729039847857,0.243203758857
-87.73682633070038,-329.11314388378315,0.242689421362
-87.6392939093969,-329.08902477642795,0.242168571109
-87.541654369208,-329.0649334736208,0.241641248732
-87.4439061798639,-329.04087037256943,0.241107495263
-87.3460478110948,-329.01683587048177,0.240567352131
-87.24807773263092,-328.9928303645657,0.240020861153
-87.14999441420245,-328.96885425202896,0.239468064523
-87.05179632553963,-328.94490793007935,0.238909004811
-86.95348193637261,-328.9209917959248,0.238343724952
-86.85504971643165,-328.8971062467731,0.237772268238
-86.75649813544693,-328.8732516798321,0.237194678315
-86.6578256631487,-328.84942849230947,0.236610999171
-86.55903076926711,-328.8256370814133,0.236021275131
-86.46011192353241,-328.8018778443512,0.23542555085
-86.36106759567478,-328.7781511783311,0.234823871303
-86.26189625542446,-328.7544574805608,0.234216281782
-86.16259637251164,-328.7307971482482,0.233602827884
-86.06316641666653,-328.70717057860105,0.232983555507
-85.96360485761934,-328.6835781688271,0.232358510839
-85.86391016510026,-328.6600203161344,0.231727740355
-85.76408080883955,-328.63649741773065,0.231091290805
-85.66411525856735,-328.6130098708237,0.230449209209
-85.56401198401393,-328.5895580726213,0.22980154285
-85.46376945490945,-328.5661424203314,0.229148339264
-85.36338614098415,-328.54276331116176,0.228489646234
-85.26286051196823,-328.51942114232025,0.227825511783
-85.16219103759188,-328.4961163110146,0.227155984165
-85.06137618758534,-328.47284921445276,0.226481111858
-84.96041443167879,-328.44962024984255,0.225800943557
-84.85930423960245,-328.4264298143917,0.225115528167
-84.75804408108652,-328.4032783053081,0.22442491479
-84.65663242586125,-328.3801661197996,0.223729152728
-84.5550677436568,-328.35709365507404,0.223028291465
-84.45334850420339,-328.33406130833913,0.222322380664
-84.35147317723124,-328.3110694768028,0.221611470161
-84.24944023247055,-328.28811855767293,0.220895609955
-84.14724813965152,-328.26520894815724,0.220174850201
-84.04489536850437,-328.2423410454636,0.219449241202
-83.94238038875932,-328.21951524679986,0.218718833404
-83.83970167014655,-328.1967319493738,0.217983677384
-83.73685768239629,-328.1739915503934,0.217243823849
-83.63384689523875,-328.1512944470662,0.216499323621
-83.53066777840411,-328.1286410366003,0.215750227638
-83.42731893648853,-328.10603200711637,0.214977484077
-83.32380493427752,-328.0834809031761,0.213985658868
-83.2201385216267,-328.0610189249673,0.212723892629
-83.11633304231708,-328.0386785538057,0.211192395619
-83.01240184012963,-328.016492271007,0.209391080702
-82.9083582588453,-327.99449255788693,0.207319567955
-82.80421564224513,-327.97271189576117,0.204977189053
-82.69998733411006,-327.95118276594565,0.202362991475
-82.59568667822109,-327.9299376497558,0.19947574257
-82.49132701835917,-327.9090090285077,0.196313933549
-82.3869216983053,-327.8884293835167,0.192875783439
-82.28248406184046,-327.868231196099,0.189159243081
-82.17802745274564,-327.8484469475698,0.185161999224
-82.0735652148018,-327.8291091192453,0.180881478791
-81.96911069178992,-327.81025019244106,0.176314853408
-81.86467722749101,-327.7919026484727,0.171459044272
-81.760278165686,-327.7740989686561,0.166310727454
-81.65592685015594,-327.756871634307,0.160866339749
-81.55163662468173,-327.7402531267411,0.15512208518
-81.4474208330444,-327.724275927274,0.149073942279
-81.34329281902492,-327.7089725172217,0.142717672274
-81.23926592640426,-327.69437537789963,0.136048828338
-81.13535349896344,-327.6805169906238,0.129062766033
-81.03156888048336,-327.6674298367098,0.12175465513
-80.92792541474508,-327.6551463974734,0.114119492978
-80.82443644552956,-327.6436991542303,0.106152119603
-80.72111531661774,-327.63312058829626,0.0978472347352
-80.61797537179064,-327.6234431809871,0.0891994169759
-80.51502995482922,-327.6146994136184,0.0802031453202
-80.41229240951446,-327.606921767506,0.0708528232504
-80.30977607962737,-327.6001427239656,0.0611428056366
-80.2074943089489,-327.5943947643129,0.0510674286701
-80.10546044126004,-327.58971036986367,0.04062104306
-80.00368782034175,-327.5861220219337,0.0297980507151
-79.90218978997504,-327.58366220183865,0.0185929451242
-79.80097969394089,-327.5823633908942,0.00700035562948
-79.70007087602025,-327.58225807041623,-0.00498490423725
-79.59947667999413,-327.5833787217204,-0.0173677842178
-79.49921044964348,-327.58575782612246,-0.0301529404968
-79.39928552874932,-327.5894278649381,-0.0433446745359
-79.29971526109259,-327.59442131948316,-0.0569468676002
-79.20051299045429,-327.6007706710732,-0.07096291108
-79.1016920606154,-327.60850840102415,-0.0853956328057
-79.0032658153569,-327.6176669906515,-0.100247219661
-78.90524759845977,-327.6282789212713,-0.115519136916
-78.80765075370498,-327.64037667419905,-0.131212044844
-78.71048862487353,-327.6539927307506,-0.147325713323
-78.61377455574636,-327.66915957224154,-0.163858935286
-78.51752189010449,-327.6859096799878,-0.180809440047
-78.42174397172892,-327.704275535305,-0.198173807693
-78.32645414440054,-327.7242896195088,-0.215947385904
-78.23166575190044,-327.74598441391515,-0.234124210707
-78.1373921380095,-327.7693923998396,-0.252696932823
-78.04364664650878,-327.79454605859803,-0.27165675138
-77.95044262117922,-327.821477871506,-0.29099335684
-77.8577934058018,-327.8502203198793,-0.310694885038
-77.76571234415752,-327.8808058850338,-0.330747884229
-77.67421278002733,-327.9132670482851,-0.351137296959
-77.58330805719223,-327.94763629094894,-0.371846458445
-77.49301151943321,-327.9839460943411,-0.392857112965
-77.4033365105312,-328.02222893977734,-0.414149449473
-77.31429637426727,-328.06251730857326,-0.435702157307
-77.2259044544223,-328.1048436820448,-0.457492502465
-77.13817538962269,-328.1492343377527,-0.479303550173
-77.05113419797945,-328.1956658239375,-0.500698718869
-76.964810886625,-328.2440907858574,-0.521677832066
-76.87923549441757,-328.29446171676864,-0.542257856692
-76.79443806021538,-328.346731109927,-0.562456173247
-76.71044862287665,-328.4008514585889,-0.582290476372
-76.62729722125964,-328.4567752560101,-0.601778689576
-76.54501389422252,-328.5144549954468,-0.620938893089
-76.46362868062357,-328.573843170155,-0.639789263812
-76.38317161932099,-328.63489227339085,-0.658348026314
-76.303672749173,-328.6975547984104,-0.676633413871
-76.22516210903787,-328.7617832384697,-0.694663638577
-76.14766973777378,-328.82753008682494,-0.71245686963
-76.07122567423899,-328.89474783673194,-0.730031218939
-75.9958599572917,-328.96338898144694,-0.747404733277
-75.92160262579016,-329.033406014226,-0.764595392289
-75.84848371859256,-329.10475142832513,-0.78162111169
-75.77653327455717,-329.17737771700047,-0.798499751099
-75.70578133254222,-329.25123737350793,-0.815249125998
-75.6362579314059,-329.32628289110386,-0.831887023343
-75.56799311000647,-329.40246676304406,-0.848431220447
-75.50101690720213,-329.4797414825847,-0.864899506762
-75.43535936185113,-329.5580595429819,-0.881309708259
-75.37105051281168,-329.6373734374916,-0.897679714119
-75.30812039894202,-329.71763565936993,-0.914027505483
-75.24659905910036,-329.79879870187307,-0.930371186051
-75.18651653214496,-329.8808150582569,-0.946729014294
-75.12790285693401,-329.9636372217777,-0.963119437111
-75.07078807232575,-330.0472176856913,-0.979561124704
-75.01520221717843,-330.13150894325395,-0.996073006495
-74.96116964735636,-330.21646697893476,-1.01256881047
-74.9086777737024,-330.30207047350456,-1.02886045596
-74.85769923842946,-330.38830718049354,-1.04493211504
-74.80820664487682,-330.4751648773127,-1.06077233055
-74.76017259638374,-330.56263134137316,-1.07637037107
-74.71356969628948,-330.65069435008604,-1.09171624316
-74.6683705479333,-330.7393416808626,-1.10680069747
-74.62454775465451,-330.82856111111374,-1.12161522888
-74.58207391979235,-330.9183404182507,-1.13615207122
-74.54092164668607,-331.0086673796846,-1.15040418684
-74.50106353867498,-331.09952977282654,-1.16436525167
-74.46247219909831,-331.19091537508774,-1.17802963613
-74.42512023129537,-331.2828119638791,-1.19139238246
-74.38898023860537,-331.3752073166119,-1.20444917899
-74.35402482436761,-331.46808921069726,-1.21719633186
-74.32022659192137,-331.5614454235462,-1.22963073458
-74.28755814460588,-331.65526373257,-1.24174983605
-74.25599208576044,-331.74953191517966,-1.25355160731
-74.22550101872433,-331.8442377487863,-1.26503450757
-74.19605754683677,-331.93936901080116,-1.27619744977
-74.16763427343709,-332.0349134786352,-1.28703976608
-74.14020380186449,-332.1308589296996,-1.29756117355
-74.11373873545827,-332.22719314140556,-1.30776174031
-74.08821167755772,-332.32390389116415,-1.31764185237
-74.06359523150206,-332.4209789563864,-1.32720218133
-74.03986200063062,-332.5184061144835,-1.33644365307
-74.01698458828258,-332.61617314286667,-1.34536741765
-73.99493559779731,-332.71426781894695,-1.35397482037
-73.973687632514,-332.81267792013534,-1.36226737421
-73.95321329577196,-332.91139122384317,-1.37024673359
-73.93348519091043,-333.0103955074814,-1.37791466954
-73.9144759212687,-333.1096785484612,-1.38527304623
-73.89615809018602,-333.2092281241937,-1.39232379892
-73.87850430100168,-333.3090320120901,-1.39906891328
-73.86148715705491,-333.4090779895614,-1.40551040606
-73.84507926168502,-333.5093538340188,-1.41165030707
-73.82925321823126,-333.6098473228733,-1.41749064239
-73.81398163003288,-333.7105462335361,-1.42303341887
-73.7992371004292,-333.81143834341844,-1.42828060971
-73.78499223275942,-333.91251142993127,-1.43323414125
-73.77121963036286,-334.0137532704858,-1.43789588069
-73.75789189657876,-334.11515164249306,-1.44226762492
-73.74498163474641,-334.21669432336427,-1.44635109024
-73.73246144820504,-334.3183690905105,-1.45014790296
-73.72030394029397,-334.42016372134293,-1.45365959083
-73.70848171435242,-334.5220659932726,-1.45688757527
-73.69696737371967,-334.6240636837106,-1.45983316435
-73.68573352173502,-334.72614457006813,-1.46249754636
-73.6747527617377,-334.82829642975634,-1.46488178415
-73.663997697067,-334.93050704018634,-1.46698680994
-73.65344093106216,-335.0327641787691,-1.46881342083
-73.64305506706249,-335.135055622916,-1.47036227475
-73.63281270840722,-335.2373691500379,-1.47163388689
-73.62268645843564,-335.33969253754606,-1.47262862676
-73.612648920487,-335.4420135628516,-1.47334671554
-73.6026726979006,-335.54432000336567,-1.47378822394
-73.59273039401566,-335.64659963649933,-1.47395307056
-73.5827946121715,-335.74884023966365,-1.47384102056
-73.57283795570734,-335.8510295902698,-1.47345168482
-73.56283375980885,-335.95315580528637,-1.4728255767
-73.55276925813907,-336.0552134502084,-1.47217110359
-73.54264412524346,-336.1572028627719,-1.47151746452
-73.5324584748728,-336.2591245844928,-1.47086467164
-73.52221242077779,-336.3609791568867,-1.47021273713
-73.51190607670917,-336.4627671214694,-1.46956167314
-73.50153955641765,-336.56448901975665,-1.46891149185
-73.49111297365401,-336.66614539326423,-1.46826220539
-73.48062644216894,-336.76773678350776,-1.46761382592
-73.47008007571318,-336.86926373200316,-1.46696636559
-73.45947398803749,-336.970726780266,-1.46631983652
-73.44880829289258,-337.0721264698121,-1.46567425086
-73.43808310402918,-337.1734633421572,-1.46502962071
-73.42729853519803,-337.27473793881705,-1.4643859582
-73.41645470014984,-337.3759508013074,-1.46374327542
-73.40555171263539,-337.47710247114395,-1.46310158446
-73.39458968640534,-337.57819348984253,-1.46246089741
-73.38356873521049,-337.6792243989188,-1.46182122634
-73.37248897280153,-337.7801957398886,-1.4611825833
-73.3613505129292,-337.88110805426754,-1.46054498034
-73.35015346934426,-337.98196188357144,-1.45990842949
-73.3388979557974,-338.082757769316,-1.45927294276
-73.3275840860394,-338.1834962530171,-1.45863853216
-73.31621197382094,-338.28417787619026,-1.45800520967
-73.30478173289278,-338.38480318035135,-1.45737298726
-73.29329347700565,-338.4853727070162,-1.45674187688
-73.28174731991028,-338.5858869977004,-1.45611189046
-73.2701433753574,-338.6863465939198,-1.45548303993
-73.25848175709774,-338.78675203719007,-1.45485533717
-73.24676257888203,-338.887103869027,-1.45422879407
-73.23498595446101,-338.98740263094624,-1.45360342247
-73.22315199758542,-339.08764886446374,-1.45297923422
-73.21126082200597,-339.18784311109505,-1.45235624112
-73.1993125414734,-339.2879859123559,-1.45173445497
-73.18730726973845,-339.38807780976225,-1.45111388753
-73.17524512055184,-339.4881193448296,-1.45049455054
-73.16312620766432,-339.58811105907387,-1.44987645572
-73.15095064482661,-339.68805349401066,-1.44925961476
-73.13871854578942,-339.7879471911559,-1.44864403933
-73.1264300243035,-339.88779269202513,-1.44802974106
-73.11408519411961,-339.9875905381342,-1.44741673157
-73.10168416898844,-340.0873412709989,-1.44680502244
-73.08922706266075,-340.1870454321349,-1.44619462523
-73.07671398888725,-340.28670356305787,-1.44558555146
-73.06414506141869,-340.38631620528366,-1.44497781262
-73.05152039400579,-340.485883900328,-1.44437142018
-73.0388401003993,-340.5854071897067,-1.44376638557
-73.02610429434993,-340.68488661493535,-1.44316272018
-73.0133130896084,-340.78432271752973,-1.4425604354
-73.00046659992549,-340.8837160390057,-1.44195954254
-72.98756493905188,-340.98306712087896,-1.44136005292
-72.97460822073835,-341.08237650466515,-1.44076197779
-72.9615965587356,-341.1816447318801,-1.44016532838
-72.94853006679435,-341.28087234403955,-1.43957011588
-72.93540885866537,-341.3800598826592,-1.43897635146
-72.92223304809937,-341.4792078892549,-1.43838404623
-72.90900274884709,-341.5783169053423,-1.43779321126
-72.89571807465926,-341.6773874724372,-1.43720385761
-72.88237913928658,-341.77642013205525,-1.43661599626
-72.86898605647983,-341.8754154257123,-1.4360296382
-72.85553893998973,-341.974373894924,-1.43544479432
-72.84203790356698,-342.07329608120614,-1.43486147552
-72.82848306096236,-342.1721825260745,-1.43427969263
-72.81487452592656,-342.27103377104476,-1.43369945645
-72.80121241221033,-342.3698503576327,-1.43312077773
-72.78749683356443,-342.46863282735404,-1.43254366717
-72.77372790373954,-342.56738172172453,-1.43196813544
-72.75990573648642,-342.66609758226,-1.43139419317
-72.74603044555577,-342.76478095047605,-1.43082185091
-72.73210214469839,-342.8634323678885,-1.4302511192
-72.71812094766494,-342.9620523760131,-1.42968200851
-72.7040869682062,-343.0606415163656,-1.42911452929
-72.69000032007288,-343.15920033046166,-1.4285486919
-72.67586111701573,-343.2577293598171,-1.4279845067
-72.66166947278545,-343.3562291459477,-1.42742198395
-72.6474255011328,-343.45470023036904,-1.42686113391
-72.63312931580849,-343.5531431545971,-1.42630196675
-72.61878103056328,-343.6515584601474,-1.42574449261
-72.60438075914786,-343.74994668853583,-1.42518872157
-72.58992861531301,-343.84830838127806,-1.42463466366
-72.57542471280944,-343.9466440798899,-1.42408232886
-72.56086916538787,-344.044954325887,-1.42353172709
-72.54626208679905,-344.1432396607852,-1.42298286823
-72.53160359079371,-344.24150062610016,-1.42243576209
-72.51689379112256,-344.33973776334767,-1.42189041844
-72.50213280153635,-344.4379516140435,-1.42134684697
-72.48732073578581,-344.5361427197034,-1.42080505734
-72.47245770762169,-344.634311621843,-1.42026505914
-72.45754383079469,-344.7324588619781,-1.41972686191
-72.44257921905555,-344.83058498162455,-1.41919047513
-72.42756398615502,-344.9286905222979,-1.41865590822
-72.41249824584382,-345.0267760255141,-1.41812317053
-72.39738211187267,-345.1248420327888,-1.41759227138
-72.38221569799232,-345.2228890856377,-1.41706322001
-72.36699911795351,-345.3209177255766,-1.41653602559
-72.35173248550694,-345.4189284941212,-1.41601069725
-72.33641591440336,-345.5169219327873,-1.41548724406
-72.3210495183935,-345.61489858309056,-1.41496567501
-72.30563341122809,-345.7128589865468,-1.41444599904
-72.29016770665787,-345.8108036846717,-1.41392822502
-72.27465251843357,-345.90873321898107,-1.41341236178
-72.25908796030592,-346.00664813099064,-1.41289841805
-72.24347414602565,-346.1045489622161,-1.41238640253
-72.22781118934348,-346.2024362541732,-1.41187632382
-72.21209920401017,-346.3003105483778,-1.4113681905
-72.19633830377641,-346.3981723863456,-1.41086201105
-72.18052860239298,-346.4960223095922,-1.41035779389
-72.16467021361058,-346.59386085963354,-1.40985554738
-72.14876325117996,-346.69168857798525,-1.40935527983
-72.13280782885182,-346.78950600616304,-1.40885699944
-72.11680406037694,-346.8873136856827,-1.40836071439
-72.10075205950601,-346.98511215806,-1.40786643276
-72.0846519399898,-347.08290196481073,-1.40737416257
-72.068503815579,-347.1806836474505,-1.40688391179
-72.05230780002438,-347.27845774749517,-1.40639568828
-72.03606400707663,-347.37622480646047,-1.40590949988
-72.01977255048654,-347.4739853658621,-1.40542535433
-72.00343354400476,-347.5717399672157,-1.40494325929
-71.9870471013821,-347.6694891520372,-1.40446322239
-71.97061333636927,-347.76723346184235,-1.40398525116
-71.95413236271698,-347.8649734381467,-1.40350935306
-71.93760429417597,-347.9627096224662,-1.40303553548
-71.92102924449699,-348.06044255631645,-1.40256380574
-71.90440732743075,-348.1581727812132,-1.40209417111
-71.887738656728,-348.2559008386723,-1.40162663874
-71.87102334613945,-348.3536272702094,-1.40116121575
-71.85426150941585,-348.4513526173403,-1.40069790918
-71.83745326030791,-348.5490774215807,-1.40023672597
-71.82059871256641,-348.6468022244464,-1.39977767301
-71.80369797994203,-348.74452756745313,-1.39932075712
-71.78675117618552,-348.8422539921166,-1.39886598503
-71.76975841504763,-348.9399820399525,-1.3984133634
-71.75271981027907,-349.0377122524767,-1.39796289883
-71.73563547563057,-349.1354451712048,-1.39751459782
-71.71850552485287,-349.23318133765275,-1.39706846682
-71.70133007169672,-349.3309212933361,-1.39662451218
-71.68410922991282,-349.42866557977067,-1.3961827402
-71.66684311325189,-349.5264147384722,-1.39574315708
-71.64953183546471,-349.62416931095646,-1.39530576896
-71.63217551030199,-349.72192983873913,-1.3948705819
-71.61477425151446,-349.81969686333605,-1.39443760188
-71.59732817285285,-349.91747092626287,-1.39400683481
-71.5798373880679,-350.0152525690353,-1.39357828651
-71.56230201091033,-350.1130423331692,-1.39315196274
-71.54472215513088,-350.21084076018025,-1.39272786917
-71.52709793448028,-350.3086483915842,-1.39230601139
-71.50942946822795,-350.40646576684253,-1.39188691667
-71.49171732797264,-350.5042932570392,-1.39147918343
-71.4739628667502,-350.6021309423721,-1.39108584175
-71.45616751516928,-350.69997887416304,-1.39070688174
-71.43833270383864,-350.79783710373385,-1.39034229366
-71.42045986336689,-350.89570568240606,-1.38999206792
-71.40255042436277,-350.99358466150153,-1.38965619511
-71.38460581743497,-351.091474092342,-1.38933466598
-71.36662747319214,-351.1893740262494,-1.38902747146
-71.34861682224302,-351.2872845145452,-1.38873460261
-71.33057529519624,-351.38520560855136,-1.38845605069
-71.31250432266052,-351.48313735958953,-1.38819180714
-71.29440533524453,-351.58107981898144,-1.38794186355
-71.276279763557,-351.679033038049,-1.3877062117
-71.25812903820656,-351.7769970681138,-1.38748484352
-71.23995458980195,-351.8749719604977,-1.38727775115
-71.22175784895181,-351.9729577665223,-1.38708492689
-71.2035402462649,-352.07095453750964,-1.38690636323
-71.18530321234981,-352.1689623247812,-1.38674205281
-71.16704817781529,-352.26698117965884,-1.38659198849
-71.14877657327003,-352.3650111534643,-1.38645616328
-71.1304898293227,-352.4630522975193,-1.3863345704
-71.11218937658198,-352.5611046631458,-1.38622720321
-71.09387664565658,-352.65916830166526,-1.3861340553
-71.07555306715518,-352.75724326439956,-1.38605512042
-71.05722007168646,-352.85532960267057,-1.3859903925
-71.03887908985912,-352.95342736779986,-1.38593986565
-71.02053155228182,-353.05153661110927,-1.38590353419
-71.0021788895633,-353.1496573839205,-1.38588139259
-70.98382253231222,-353.24778973755537,-1.38587343553
-70.96546391113722,-353.3459337233357,-1.38587965786
-70.94710445664707,-353.444089392583,-1.38590005463
-70.92874559945042,-353.54225679661926,-1.38593462104
-70.91038877015593,-353.6404359867662,-1.3859833525
-70.89203539937235,-353.7386270143455,-1.3860462446
-70.87368691770833,-353.83682993067896,-1.38612329311
-70.85534475577253,-353.93504478708826,-1.38621449398
-70.8370103441737,-354.0332716348952,-1.38631984333
-70.8186851135205,-354.13151052542156,-1.38643933748
-70.8003704944216,-354.22976150998915,-1.38657297292
-70.7820679174857,-354.3280246399196,-1.38672074632
-70.76377881332151,-354.42629996653466,-1.38688265452
-70.74550461253769,-354.5245875411562,-1.38705869455
-70.72724674574295,-354.622887415106,-1.38724886359
-70.70900664354595,-354.7211996397057,-1.38745315904
-70.6907857365554,-354.81952426627697,-1.38767157842
-70.67258545537997,-354.91786134614176,-1.38790411946
-70.65440723062835,-355.0162109306217,-1.38815078003
-70.63625249290928,-355.11457307103865,-1.38841155821
-70.61812267283136,-355.2129478187142,-1.38868645221
-70.60001920100333,-355.3113352249703,-1.38897546041
-70.5819435080339,-355.4097353411286,-1.38927858136
-70.5638970245317,-355.5081482185109,-1.38959581379
-70.54588118110544,-355.6065739084388,-1.38992715656
-70.52789740836386,-355.70501246223427,-1.3902726087
-70.50994713691554,-355.8034639312189,-1.3906321694
-70.49203179736928,-355.9019283667146,-1.391005838
-70.4741528203337,-356.000405820043,-1.39139361398
-70.4563116364175,-356.0988963425259,-1.391795497
-70.43850967622937,-356.197399985485,-1.39221148683
-70.42074837037802,-356.2959168002421,-1.39264158342
-70.40302914947209,-356.394446838119,-1.39308578682
-70.38535344412033,-356.49299015043744,-1.39354409726
-70.36772268493138,-356.59154678851905,-1.39401651509
-70.35013830251393,-356.69011680368567,-1.39450304078
-70.3326017274767,-356.78870024725916,-1.39500367495
-70.31511439042833,-356.88729717056106,-1.39551841835
-70.29767772197758,-356.9859076249133,-1.39604727184
-70.28029315273305,-357.0845316616376,-1.3965902364
-70.2629621133035,-357.1831693320556,-1.39714731315
-70.24568603429758,-357.28182068748924,-1.39771850331
-70.228466346324,-357.38048577926014,-1.39830380822
-70.21130447999143,-357.47916465869,-1.39890322931
-70.19420186590855,-357.5778573771007,-1.39951676814
-70.17715993468408,-357.67656398581414,-1.40014442635
-70.16018011692667,-357.7752845361517,-1.4007862057
-70.14326384324504,-357.87401907943536,-1.40144210802
-70.12641254424786,-357.9727676669869,-1.40211213525
-70.10962765054384,-358.07153035012794,-1.40279628941
-70.09291059274163,-358.1703071801804,-1.4034945726
-70.07626280144996,-358.2690982084658,-1.404206987
-70.05968570727747,-358.3679034863061,-1.40493353486
-70.0431807408329,-358.4667230650231,-1.40567421851
-70.02674933272489,-358.5655569959383,-1.40642904033
-70.01039291356216,-358.6644053303737,-1.40719800278
-69.9941129139534,-358.7632681196509,-1.40798110837
-69.97791076450726,-358.8621454150917,-1.40877835964
-69.96178789583247,-358.9610372680179,-1.40958975921
-69.9457457385377,-359.0599437297512,-1.41041530973
-69.92978572323165,-359.1588648516134,-1.41125501388
-69.91390928052299,-359.25780068492617,-1.41210887438
-69.8981178410204,-359.3567512810114,-1.41297689398
-69.88241283533259,-359.45571669119073,-1.41385907545
-69.86679569406826,-359.55469696678585,-1.41475542157
-69.85126784783606,-359.6536921591187,-1.41566593515
-69.83583072724471,-359.75270231951095,-1.41659061898
-69.82048576290288,-359.85172749928444,-1.41752947588
-69.80523438541925,-359.9507677497607,-1.41848250864
-69.79007802540255,-360.0498231222616,-1.41944972007
-69.7750181134614,-360.148893668109,-1.42043111293
-69.76005608020455,-360.24797943862455,-1.42142668998
-69.74519335624068,-360.34708048513005,-1.42243645394
-69.73043137217843,-360.44619685894713,-1.42346040752
-69.71577155862653,-360.5453286113977,-1.42449855337
-69.70121534619366,-360.6444757938035,-1.42555089409
-69.6867641654885,-360.7436384574862,-1.42661743224
-69.67241944711975,-360.84281665376756,-1.42769817032
-69.6581826216961,-360.9420104339694,-1.42879311076
-69.6440551198262,-361.0412198494135,-1.42990225593
-69.6300383721188,-361.14044495142144,-1.4310256081
-69.61613380918256,-361.23968579131514,-1.43216316948
-69.60234286162613,-361.3389424204163,-1.43331494218
-69.58866696005825,-361.43821489004665,-1.43448092819
-69.57510753508758,-361.53750325152805,-1.43566112944
-69.56166601732284,-361.63680755618213,-1.4368555477
-69.54834383737267,-361.73612785533066,-1.43806418464
-69.53514242584578,-361.83546420029546,-1.43928704183
-69.52206321335086,-361.9348166423983,-1.44052412065
-69.50910763049663,-362.03418523296085,-1.44177542238
-69.49627710789171,-362.13357002330486,-1.44304094814
-69.48357307614485,-362.2329710647521,-1.4443206989
-69.4709969658647,-362.3323884086244,-1.44561467544
-69.45855020765994,-362.4318221062435,-1.44692287839
-69.4462342321393,-362.53127220893106,-1.4482453082
-69.43405046991144,-362.6307387680089,-1.44958196513
-69.42200035158506,-362.7302218347987,-1.45093284923
-69.41008530776884,-362.8297214606224,-1.45229796036
-69.39830676907145,-362.92923769680164,-1.45367729817
-69.3866661661016,-363.02877059465806,-1.45507086207
-69.37516492946801,-363.12832020551355,-1.45647865125
-69.3638044897793,-363.2278865806898,-1.45790066469
-69.3525862776442,-363.32746977150873,-1.45933690107
-69.3415117236714,-363.42706982929184,-1.46078735887
-69.33058225846956,-363.52668680536107,-1.46225203626
-69.31979931264739,-363.62632075103807,-1.46373093116
-69.30916431681356,-363.72597171764465,-1.46522404122
-69.29867870157678,-363.8256397565026,-1.46673136378
-69.28834389754573,-363.92532491893354,-1.46825289589
-69.2781613353291,-364.0250272562593,-1.46978863428
-69.26813244553557,-364.12474681980177,-1.47133857538
-69.25825865877383,-364.2244836608825,-1.47290271528
-69.24854140565256,-364.3242378308233,-1.47448104975
-69.23898211678046,-364.42400938094596,-1.47607357419
-69.22958222276624,-364.5237983625723,-1.47768028366
-69.22034315421854,-364.6236048270239,-1.47930117286
-69.21126634174605,-364.7234288256226,-1.48093623612
-69.20235321595752,-364.82327040969017,-1.48258546736
-69.19360520746159,-364.9231296305484,-1.48424886012
-69.18502374686693,-365.02300653951903,-1.48592640756
-69.17661026478225,-365.1229011879237,-1.4876181024
-69.16836562405766,-365.2228135639495,-1.48930318022
-69.16028679054438,-365.3227432224373,-1.49094209659
-69.15236909398266,-365.4226895362922,-1.49253390269
-69.14460785848868,-365.5226518777941,-1.49407860797
-69.13699840817861,-365.62262961922295,-1.49557622248
-69.1295360671686,-365.7226221328585,-1.49702675687
-69.12221615957478,-365.8226287909807,-1.49843022222
-69.11503400951331,-365.9226489658693,-1.49978662995
-69.10798494110038,-366.0226820298043,-1.50109599178
-69.1010642784521,-366.12272735506536,-1.50235831957
-69.09426734568466,-366.22278431393255,-1.50357362529
-69.08758946691418,-366.3228522786856,-1.50474192089
-69.08102596625686,-366.42293062160445,-1.50586321825
-69.0745721678288,-366.5230187149689,-1.50693752911
-69.06822339574622,-366.62311593105875,-1.50796486495
-69.0619749741252,-366.723221642154,-1.50894523699
-69.05582222708198,-366.8233352205344,-1.50987865604
-69.04976047873262,-366.9234560384798,-1.51076513251
-69.04378505319336,-367.0235834682702,-1.5116046763
-69.0378912745803,-367.12371688218525,-1.51239729675
-69.03207446700962,-367.223855652505,-1.51314300262
-69.02632995459744,-367.3239991515092,-1.51384180199
-69.02065306145997,-367.4241467514777,-1.51449370223
-69.01503911171334,-367.5242978246904,-1.51509870996
-69.00948342947368,-367.6244517434272,-1.51565683102
-69.00398133885719,-367.72460787996783,-1.51616807038
-68.99852816397998,-367.8247656065923,-1.51663243217
-68.99311922895825,-367.92492429558035,-1.51704991958
-68.9877498579081,-368.0250833192119,-1.5174205349
-68.98241537494575,-368.1252420497667,-1.51774427942
-68.9771111041873,-368.2253998595248,-1.51802115345
-68.97183236974894,-368.32555612076595,-1.51825115631
-68.96657449574678,-368.4257102057699,-1.51843428627
-68.96133280629705,-368.5258614868168,-1.51857054054
-68.95610262551583,-368.6260093361862,-1.51865991532
-68.95087927751929,-368.7261531261581,-1.5187024057
-68.94565808642362,-368.8262922290125,-1.51869800571
-68.94043437634495,-368.9264260170289,-1.51864670831
-68.93520347139946,-369.0265538624875,-1.51854850539
-68.92996069570326,-369.1266751376679,-1.51840338774
-68.92470137337254,-369.22678921485016,-1.5182113451
-68.91942082852343,-369.32689546631406,-1.51797236616
-68.91411438527211,-369.42699326433944,-1.51768643854
-68.90877736773471,-369.5270819812061,-1.51735354885
-68.90340510002741,-369.6271609891941,-1.51697368267
-68.89799290626635,-369.7272296605831,-1.5165468246
-68.89253611056769,-369.827287367653,-1.51607295825
-68.88703003704757,-369.92733348268376,-1.51555206632
-68.88147000982215,-370.0273673779551,-1.51498413058
-68.8758513530076,-370.1273884257469,-1.51436913191
-68.87016939072008,-370.2273959983392,-1.51370705038
-68.86441944707573,-370.32738946801163,-1.51299786523
-68.8585968461907,-370.42736820704414,-1.51224155496
-68.85269691218114,-370.52733158771656,-1.51143809736
-68.84671496916323,-370.62727898230884,-1.51058746953
-68.84064634125312,-370.7272097631007,-1.509689648
-68.83448635256693,-370.8271233023722,-1.50874460872
-68.82823032722085,-370.9270189724029,-1.50775232714
-68.82187358933102,-371.0268961454729,-1.5067127783
-68.81541146301362,-371.1267541938619,-1.50562593685
-68.80883927238476,-371.22659248984996,-1.50449177715
-68.80215234156063,-371.32641040571684,-1.50331027334
-68.79534599465737,-371.4262073137423,-1.5020813994
-68.78841555579113,-371.5259825862062,-1.50080512923
-68.7813563490781,-371.6257355953886,-1.49948143676
-68.77416369863438,-371.7254657135692,-1.498110296
-68.76683292857618,-371.82517231302785,-1.49669168115
-68.7593593630196,-371.92485476604446,-1.49522556667
-68.75173832608085,-372.0245124448989,-1.49371192743
-68.74396514187603,-372.124144721871,-1.49215073872
-68.73603513452134,-372.22375096924065,-1.49054197645
-68.7279436281329,-372.3233305592876,-1.48888561718
-68.7196859468269,-372.4228828642918,-1.48718163827
-68.71125741471947,-372.52240725653314,-1.48543001797
-68.70265335592678,-372.6219031082914,-1.48363073557
-68.69386909456496,-372.72136979184654,-1.48178377148
-68.68489995475018,-372.82080667947827,-1.47988910736
-68.67574126059861,-372.9202131434666,-1.47794672629
-68.66638833622639,-373.01958855609126,-1.47595661284
-68.65683650574967,-373.11893228963226,-1.47391875323
-68.64708109328461,-373.2182437163692,-1.47183313548
-68.63711742294737,-373.31752220858226,-1.46969974954
-68.6269408188541,-373.416767138551,-1.46751858742
-68.61654660512094,-373.5159778785555,-1.46528964334
-68.60593010586406,-373.61515380087553,-1.46301291391
-68.59508664519963,-373.71429427779094,-1.46068839823
-68.58401154724379,-373.8133986815816,-1.45831609812
-68.57270013611269,-373.91246638452736,-1.45589601819
-68.56114773592248,-374.01149675890815,-1.45342816608
-68.54934967078931,-374.1104891770036,-1.45091255259
-68.53730126482938,-374.2094430110939,-1.44834919184
-68.52499784215878,-374.30835763345874,-1.44573810148
-68.51243472689373,-374.4072324163779,-1.44307930283
-68.49960724315032,-374.5060667321314,-1.44037282106
-68.48651071504477,-374.60485995299894,-1.43761868538
-68.47314046669317,-374.70361145126043,-1.43481692922
-68.45949182221173,-374.80232059919587,-1.43196759043
-68.44556010571658,-374.9009867690849,-1.42907071144
-68.43134064132387,-374.9996093332075,-1.42612633946
-68.41682875314976,-375.09818766384353,-1.42313452667
-68.40201976531043,-375.1967211332728,-1.42009533044
-68.38690900192196,-375.29520911377523,-1.41700881347
-68.37149178710061,-375.3936509776306,-1.41387504404
-68.35576344496243,-375.4920460971188,-1.41069409618
-68.33971929962365,-375.5903938445198,-1.40746604989
-68.3233546752004,-375.6886935921133,-1.40419099131
-68.30666579151617,-375.786944840916,-1.40090318046
-68.28965555371991,-375.8851480528023,-1.39767389646
-68.27232988916234,-375.98330412401714,-1.39450539918
-68.25469474001197,-376.0814139529348,-1.39139772291
-68.23675604843734,-376.1794784379297,-1.38835089532
-68.21851975660697,-376.27749847737607,-1.38536493784
-68.19999180668935,-376.3754749696487,-1.38243986597
-68.18117814085304,-376.4734088131217,-1.37957568962
-68.16208470126652,-376.57130090616954,-1.37677241346
-68.14271743009836,-376.6691521471667,-1.37403003719
-68.12308226951703,-376.76696343448765,-1.37134855591
-68.10318516169107,-376.86473566650653,-1.36872796036
-68.08303204878902,-376.96246974159806,-1.36616823729
-68.06262887297937,-377.0601665581365,-1.36366936971
-68.04198157643066,-377.15782701449626,-1.36123133718
-68.02109610131139,-377.2554520090518,-1.3588541161
-67.9999783897901,-377.3530424401775,-1.35653767998
-67.9786343840353,-377.4505992062478,-1.3542819997
-67.9570700262155,-377.54812320563695,-1.35208704376
-67.93529125849926,-377.6456153367197,-1.34995277855
-67.91330402305506,-377.74307649787016,-1.34787916858
-67.89111426205145,-377.84050758746287,-1.34586617673
-67.86872791765691,-377.9379095038722,-1.34391376444
-67.84615093203999,-378.0352831454726,-1.34202189199
-67.8233892473692,-378.1326294106384,-1.34019051868
-67.80044880581308,-378.22994919774413,-1.33841960302
-67.77733554954011,-378.3272434051641,-1.33670910297
-67.75405542071887,-378.4245129312729,-1.33505897612
-67.73061436151781,-378.52175867444464,-1.33346917986
-67.70701831410551,-378.61898153305395,-1.33193967158
-67.68327322065045,-378.7161824054752,-1.33047040881
-67.65938502332116,-378.8133621900828,-1.32906134944
-67.63535966428618,-378.9105217852511,-1.3277124518
-67.61120308571402,-379.0076620893546,-1.32642367491
-67.5869212297732,-379.10478400076767,-1.32519497852
-67.5625200386322,-379.2018884178647,-1.32402632332
-67.53800545445961,-379.29897623902013,-1.32291767105
-67.51338341942392,-379.3960483626084,-1.32186898462
-67.4886598756936,-379.49310568700383,-1.32088022821
-67.46384076543725,-379.5901491105809,-1.31995136742
-67.43893203082337,-379.68717953171415,-1.31908236933
-67.41393961402046,-379.7841978487777,-1.31827320266
-67.38886945719702,-379.88120496014625,-1.31752383777
-67.36372750252163,-379.9782017641939,-1.31683424682
-67.33851969216276,-380.0751891592954,-1.31620440384
-67.31325196828895,-380.1721680438249,-1.31563428475
-67.28793027306872,-380.26913931615695,-1.31512386748
-67.2625605486706,-380.3661038746659,-1.314673132
-67.23714873726308,-380.4630626177263,-1.3142820604
-67.2117007810147,-380.5600164437123,-1.3139506369
-67.18622262209398,-380.65696625099855,-1.3136788479
-67.16072020266945,-380.7539129379593,-1.31346668205
-67.13519946490962,-380.8508574029691,-1.31331413024
-67.10966635098299,-380.9478005444022,-1.31322118561
-67.08412680305813,-381.0447432606332,-1.31318784361
-67.05858676330351,-381.14168645003633,-1.31321410199
-67.03305217388764,-381.2386310109861,-1.31329996079
-67.00752897697912,-381.33557784185695,-1.31344542234
-66.9820231147464,-381.4325278410233,-1.31365049128
-66.95654052935804,-381.52948190685936,-1.31391517451
-66.9310871629825,-381.62644093773986,-1.31423948118
-66.90566895778836,-381.7234058320389,-1.31462342266
-66.88029185594414,-381.82037748813116,-1.31506701254
-66.8549617996183,-381.9173568043908,-1.31557026653
-66.82968473097942,-382.0143446791925,-1.31613320245
-66.80446659219602,-382.11134201091045,-1.3167558402
-66.77931310453468,-382.2083496639365,-1.31742676447
-66.75422643685806,-382.3053679561749,-1.31809580071
-66.72920589124661,-382.40239676451597,-1.31875704867
-66.7042506879827,-382.49943595326636,-1.31941050504
-66.67936004734874,-382.5964853867326,-1.32005616661
-66.65453318962717,-382.6935449292216,-1.3206940302
-66.62976933510045,-382.7906144450399,-1.32132409271
-66.60506770405094,-382.8876937984944,-1.32194635113
-66.58042751676109,-382.98478285389166,-1.32256080248
-66.55584799351331,-383.08188147553824,-1.32316744386
-66.53132835459003,-383.1789895277411,-1.32376627244
-66.50686782027367,-383.27610687480677,-1.32435728543
-66.48246561084665,-383.37323338104204,-1.32494048011
-66.45812094659136,-383.4703689107536,-1.32551585383
-66.43383304779027,-383.56751332824797,-1.32608340399
-66.40960113472578,-383.6646664978321,-1.32664312805
-66.38542442768029,-383.76182828381263,-1.32719502351
-66.36130214693624,-383.8589985504961,-1.32773908795
-66.33723351277605,-383.95617716218936,-1.328275319
-66.31321774548213,-384.053363983199,-1.32880371431
-66.28925406533692,-384.1505588778318,-1.32932427164
-66.26534169262281,-384.24776171039446,-1.32983698874
-66.24147984762226,-384.34497234519364,-1.33034186347
-66.21766775061766,-384.44219064653606,-1.33083889369
-66.19390462189145,-384.5394164787284,-1.33132807733
-66.17018968172601,-384.6366497060774,-1.33180941237
-66.14652215040381,-384.73389019288965,-1.33228289684
-66.12290124820726,-384.8311378034719,-1.3327485288
-66.09932619541874,-384.92839240213095,-1.33320630637
-66.07579621232072,-385.02565385317337,-1.3336562277
-66.0523105191956,-385.1229220209059,-1.33409829101
-66.0288683363258,-385.2201967696352,-1.33453249453
-66.00546888399374,-385.31747796366807,-1.33495883654
-65.98211138248185,-385.4147654673111,-1.33537731539
-65.95879505207252,-385.51205914487105,-1.33578792943
-65.93551911304822,-385.6093588606546,-1.33619067708
-65.91228278569132,-385.7066644789684,-1.33658555677
-65.88908529028426,-385.80397586411925,-1.336972567
-65.86592584710947,-385.90129288041373,-1.33735170629
-65.84280367644936,-385.9986153921586,-1.3377229732
-65.81971799858636,-386.0959432636606,-1.33808636631
-65.79666803380289,-386.19327635922633,-1.33844188427
-65.77365300238134,-386.2906145431626,-1.33878952573
-65.75067212460416,-386.3879576797759,-1.3391292894
-65.72772462075379,-386.48530563337323,-1.339461174
-65.7048097111126,-386.58265826826107,-1.3397851783
-65.68192661596304,-386.68001544874613,-1.34010130109
-65.65907455558754,-386.7773770391352,-1.34040954121
-65.63625275026848,-386.87474290373495,-1.34070989752
-65.61346042028833,-386.97211290685203,-1.34100236889
-65.59069678592948,-387.0694869127932,-1.34128695427
-65.56796106747433,-387.1668647858651,-1.34156365258
-65.54525248520535,-387.26424639037447,-1.34183246281
-65.52257025940494,-387.36163159062795,-1.34209338396
-65.49991361035552,-387.45902025093227,-1.34234641507
-65.47728175833947,-387.55641223559417,-1.3425915552
-65.45467392363929,-387.6538074089203,-1.34282880344
-65.43208932653735,-387.7512056352173,-1.34305815889
-65.40952718731607,-387.848606778792,-1.34327962071
-65.38698672625787,-387.94601070395095,-1.34349318805
-65.3644671636452,-388.043417275001,-1.34369886011
-65.34196771976045,-388.1408263562488,-1.34389663609
-65.31948761488604,-388.23823781200093,-1.34408651525
-65.29702606930442,-388.33565150656426,-1.34426849684
-65.27458230329796,-388.43306730424536,-1.34444258015
-65.25215553714914,-388.53048506935096,-1.34460876449
-65.22974499114034,-388.6279046661879,-1.34476704919
-65.20734988555398,-388.7253259590626,-1.34491743362
-65.1849694406725,-388.822748812282,-1.34505991714
-65.16260287677831,-388.9201730901527,-1.34519449917
-65.14024941415383,-389.01759865698125,-1.34532117911
-65.11790827308148,-389.11502537707463,-1.34543995642
-65.09557867384368,-389.21245311473933,-1.34555083056
-65.07325983672287,-389.3098817342822,-1.34565380102
-65.05095098200144,-389.4073111000099,-1.3457488673
-65.02865132996183,-389.504741076229,-1.34583602894
-65.00636010088643,-389.60217152724624,-1.34591528547
-64.98407651505771,-389.69960231736843,-1.34598663647
-64.96179979275804,-389.79703331090224,-1.34605008154
-64.93952915426989,-389.8944643721543,-1.34610562027
-64.91726381987564,-389.9918953654313,-1.3461532523
-64.89500300985773,-390.08932615503994,-1.34619297727
-64.87274594449858,-390.18675660528703,-1.34622479486
-64.85049184408058,-390.2841865804791,-1.34624870476
-64.8282399288862,-390.381615944923,-1.34626470667
-64.80598941919783,-390.4790445629253,-1.34627280032
-64.78373953529788,-390.5764722987928,-1.34627298547
-64.7614894974688,-390.6738990168322,-1.34626526186
-64.73923852599302,-390.77132458135003,-1.34624962931
-64.71698584115288,-390.8687488566532,-1.3462260876
-64.6947306632309,-390.9661717070483,-1.34619463657
-64.67247221250945,-391.06359299684203,-1.34615527606
-64.65020970927095,-391.1610125903411,-1.34610800594
-64.62794237379784,-391.2584303518522,-1.3460528261
-64.6056694263725,-391.3558461456821,-1.34598973643
-64.58339008727741,-391.45325983613736,-1.34591873688
-64.56110357679495,-391.5506712875248,-1.34583982737
-64.53880911520754,-391.64808036415104,-1.34575300788
-64.51650592279762,-391.7454869303227,-1.34565827839
-64.49419321984759,-391.84289085034675,-1.34555563891
-64.47187022663988,-391.9402919885297,-1.34544508948
-64.44953616345693,-392.0376902091781,-1.34532663013
-64.42719025058112,-392.135085376599,-1.34520026094
-64.40483170829488,-392.23247735509875,-1.34506598199
-64.38245975688066,-392.32986600898437,-1.34492379341
-64.36007361662087,-392.42725120256233,-1.34477369533
-64.3376725077979,-392.5246328001394,-1.34461568789
-64.3152556506942,-392.6220106660222,-1.3444497713
-64.29282226559218,-392.7193846645176,-1.34427594574
-64.27037157277427,-392.81675465993214,-1.34409421143
-64.24790279252288,-392.91412051657255,-1.34390456864
-64.22541514512042,-393.0114820987456,-1.34370701763
-64.20290785084933,-393.10883927075787,-1.3435015587
-64.18038012999203,-393.2061918969162,-1.34328819217
-64.15783120283092,-393.30353984152714,-1.34306691839
-64.13526028964844,-393.4008829688975,-1.34283773771
-64.11266661072702,-393.4982211433339,-1.34260065056
-64.09004938634905,-393.5955542291431,-1.34235565733
-64.06740783679696,-393.69288209063177,-1.34210275849
-64.04474118235318,-393.79020459210665,-1.34184195451
-64.02204864330014,-393.8875215978743,-1.3415732459
-63.999329439920224,-393.9848329722416,-1.34129663318
-63.97658279249588,-394.08213857951506,-1.34101211691
-63.95380792130954,-394.1794382840016,-1.34071969769
-63.93100404664358,-394.27673195000773,-1.34041937613
-63.90817038923902,-394.3740194419226,-1.34011125077
-63.8853064035122,-394.4713006661454,-1.33980130616
-63.86241215734323,-394.5685756393633,-1.33949307599
-63.83948781806998,-394.6658443961437,-1.33918656025
-63.816533553030354,-394.7631069710544,-1.33888175889
-63.793549529562256,-394.8603633986627,-1.33857867188
-63.77053591500356,-394.9576137135364,-1.33827729919
-63.747492876692185,-395.05485795024293,-1.3379776408
-63.724420581966015,-395.1520961433499,-1.33767969665
-63.701319198162935,-395.24932832742496,-1.33738346673
-63.67818889262086,-395.3465545370356,-1.33708895098
-63.65502983267766,-395.4437748067495,-1.33679614937
-63.63184218567126,-395.540989171134,-1.33650506185
-63.60862611893953,-395.63819766475694,-1.3362156884
-63.58538179982038,-395.7354003221857,-1.33592802896
-63.5621093956517,-395.8325971779879,-1.33564208349
-63.538809073771375,-395.92978826673124,-1.33535785194
-63.51548100151732,-396.02697362298306,-1.33507533427
-63.492125346227425,-396.1241532813111,-1.33479453044
-63.468742275239556,-396.22132727628303,-1.33451544038
-63.445331955891646,-396.31849564246613,-1.33423806406
-63.421894555521575,-396.41565841442815,-1.33396240143
-63.39843024146724,-396.5128156267366,-1.33368845242
-63.37493918106653,-396.6099673139592,-1.33341621699
-63.351421541657345,-396.70711351066336,-1.33314569509
-63.327877490577585,-396.80425425141664,-1.33287688666
-63.30430719516512,-396.90138957078676,-1.33260979164
-63.28071082275788,-396.9985195033412,-1.33234440998
-63.25708854069374,-397.09564408364747,-1.33208074163
-63.233440516310594,-397.1927633462733,-1.33181878652
-63.20976691694635,-397.28987732578605,-1.3315585446
-63.18606790993889,-397.3869860567535,-1.3313000158
-63.162343662626114,-397.4840895737431,-1.33104320007
-63.13859434234592,-397.5811879113225,-1.33078809735
-63.1148201164362,-397.6782811040593,-1.33053470757
-63.091021152234845,-397.7753691865209,-1.33028303068
-63.067197617079756,-397.872452193275,-1.3300330666
-63.04334967830882,-397.96953015888914,-1.32978481528
-63.01947750325995,-398.06660311793087,-1.32953827665
-62.99558125927101,-398.1636711049678,-1.32929345065
-62.97166111367993,-398.2607341545675,-1.32905033721
-62.94771723382458,-398.3577923012976,-1.32880893627
-62.92374978704286,-398.45484557972554,-1.32856924775
-62.899758940672676,-398.55189402441897,-1.3283312716
-62.8757448620519,-398.6489376699455,-1.32809500774
-62.85170771851846,-398.74597655087257,-1.32786045611
-62.827647677410226,-398.84301070176787,-1.32762761663
-62.803564906065105,-398.94004015719895,-1.32739648925
-62.77945957182098,-399.0370649517333,-1.32716707389
-62.75533184201576,-399.13408511993873,-1.32693937048
-62.731181883987325,-399.2311006963825,-1.32671337895
-62.70700986507358,-399.32811171563236,-1.32648909923
-62.68281595261242,-399.4251182122559,-1.32626653125
-62.65860031394174,-399.52212022082057,-1.32604567494
-62.63436311639943,-399.619117775894,-1.32582653023
-62.61010452732338,-399.7161109120438,-1.32560909704
-62.585824714051505,-399.81309966383753,-1.32539337531
-62.561523843921684,-399.91008406584274,-1.32517936496
-62.53720208427181,-400.00706415262704,-1.32496706592
-62.51285960243979,-400.1040399587579,-1.32475647812
-62.48849656576351,-400.20101151880294,-1.32454760149
-62.46411314158087,-400.29797886732985,-1.32434043595
-62.439709497229764,-400.3949420389061,-1.32413498142
-62.41528580004808,-400.4919010680992,-1.32393123785
-62.39084221737372,-400.5888559894769,-1.32372920515
-62.36637891654458,-400.68580683760655,-1.32352888325
-62.34189606489854,-400.7827536470559,-1.32333027208
-62.31739382977352,-400.87969645239247,-1.32313337156
-62.2928723785074,-400.97663528818373,-1.32293818162
-62.268331878438076,-401.0735701889974,-1.32274470219
-62.243772496903446,-401.17050118940097,-1.32255293319
-62.2191944012414,-401.2674283239621,-1.32236287455
-62.19459775878984,-401.36435162724825,-1.32217452621
-62.16998273688666,-401.46127113382704,-1.32198788807
-62.14534950286974,-401.55818687826604,-1.32180296008
-62.120698224076996,-401.6550988951328,-1.32161974215
-62.09602906784631,-401.75200721899495,-1.32143823422
-62.071342201515584,-401.84891188442003,-1.32125843621
-62.04663779242271,-401.94581292597564,-1.32108034805
-62.021916007905574,-402.0427103782293,-1.32090396967
-61.997177015302086,-402.1396042757486,-1.32072930099
-61.97242098195014,-402.2364946531011,-1.32055634195
-61.947648075187615,-402.3333815448544,-1.32038509246
-61.92285846235242,-402.43026498557595,-1.32021555247
-61.898052310782454,-402.5271450098336,-1.32004772189
-61.873229787815596,-402.6240216521947,-1.31988160065
-61.84839106078975,-402.72089494722684,-1.31971718869
-61.82353629704282,-402.8177649294977,-1.31955448593
-61.79866566391268,-402.91463163357463,-1.31939349231
-61.773779328737234,-403.01149509402546,-1.31923420774
-61.748877458854395,-403.10835534541764,-1.31907663217
-61.72396022160203,-403.20521242231877,-1.31892076553
-61.69902778431805,-403.3020663592964,-1.31876660773
-61.674080314340344,-403.39891719091816,-1.31861415873
-61.6491179790068,-403.4957649517515,-1.31846341843
-61.624140945655334,-403.592609676364,-1.31831438679
-61.59914938162384,-403.6894513993234,-1.31816706372
-61.57414345425018,-403.7862901551971,-1.31802144917
-61.549123330872284,-403.8831259785528,-1.31787754307
-61.52408917882803,-403.97995890395805,-1.31773534534
-61.49904116545532,-404.0767889659803,-1.31759485593
-61.47397945809204,-404.1736161991873,-1.31745607476
-61.448904224076095,-404.2704406381464,-1.31731900178
-61.42381563074538,-404.3672623174254,-1.31718363691
-61.39871384543777,-404.4640812715917,-1.3170499801
-61.37359903549118,-404.5608975352129,-1.31691803128
-61.34847136824351,-404.6577111428568,-1.31678779038
-61.32333101103264,-404.7545221290907,-1.31665925735
-61.29817813119647,-404.8513305284822,-1.31653243212
-61.273012896072906,-404.948136375599,-1.31640731463
-61.247835472999824,-405.0449397050086,-1.31628390482
-61.22264602931513,-405.1417405512785,-1.31616220263
-61.19744473235671,-405.2385389489764,-1.316042208
-61.17223174946247,-405.3353349326698,-1.31592392086
-61.14700724797029,-405.43212853692637,-1.31580734117
-61.12177139521809,-405.5289197963135,-1.31569246886
-61.09652435854374,-405.6257087453989,-1.31557930388
-61.07126630528516,-405.7224954187501,-1.31546784617
-61.045997402780216,-405.8192798509347,-1.31535809567
-61.020717818366826,-405.9160620765203,-1.31525005232
-60.995427719382874,-406.0128421300743,-1.31514371608
-60.97012727316625,-406.10962004616454,-1.31503908689
-60.944816647054864,-406.20639585935834,-1.31493616469
-60.919496008386595,-406.30316960422346,-1.31483494944
-60.89416552449935,-406.39994131532734,-1.31473544107
-60.86882536273102,-406.4967110272376,-1.31463763954
-60.843475690419496,-406.5934787745218,-1.3145415448
-60.81811667490268,-406.6902445917476,-1.3144471568
-60.79274848351847,-406.7870085134824,-1.31435447549
-60.76737128360474,-406.883770574294,-1.31426350082
-60.74198524249941,-406.9805308087498,-1.31417423274
-60.71659052754037,-407.07728925141737,-1.31408667121
-60.6911873060655,-407.17404593686433,-1.31400081617
-60.66577574541271,-407.2708008996582,-1.31391666759
-60.64035601291988,-407.36755417436666,-1.31383422542
-60.614928275924925,-407.46430579555727,-1.31375348962
-60.58949270176572,-407.56105579779756,-1.31367446014
-60.564049457780186,-407.657804215655,-1.31359713694
-60.538598711306186,-407.7545510836973,-1.31352151998
-60.51314062968163,-407.8512964364921,-1.31344760922
-60.48767538024442,-407.9480403086067,-1.31337540461
-60.46220313033244,-408.04478273460893,-1.31330490613
-60.43672404728358,-408.14152374906627,-1.31323611373
-60.41123829843576,-408.23826338654624,-1.31316902737
-60.38574605112686,-408.3350016816166,-1.31310364702
-60.36024747269477,-408.4317386688446,-1.31303997264
-60.33474273047739,-408.5284743827981,-1.3129780042
-60.3092319918126,-408.6252088580445,-1.31291774167
-60.28371542403833,-408.72194212915144,-1.312859185
-60.25819319449244,-408.81867423068655,-1.31280233418
-60.23266547051284,-408.91540519721735,-1.31274718916
-60.20713241943742,-409.0121350633114,-1.31269374992
-60.18159420860409,-409.10886386353627,-1.31264201643
-60.15605100535073,-409.2055916324595,-1.31259198865
-60.13050297701523,-409.30231840464876,-1.31254366657
-60.104950290935506,-409.39904421467156,-1.31249705015
-60.07939311444944,-409.49576909709543,-1.31245213937
-60.05383161489492,-409.592493086488,-1.31240893421
-60.028265959609854,-409.6892162174168,-1.31236743463
-60.00269631593212,-409.78593852444953,-1.31232764062
-59.97712285119964,-409.88266004215365,-1.31228955216
-59.951545732750276,-409.97938080509664,-1.31225316922
-59.925965127921955,-410.07610084784625,-1.31221849178
-59.90038120405256,-410.17282020497,-1.31218551983
-59.87479412847997,-410.2695389110354,-1.31215425334
-59.8492040685421,-410.36625700061006,-1.3121246923
-59.82361119157684,-410.4629745082616,-1.31209683669
-59.798015664922076,-410.55969146855756,-1.31207068649
-59.77241765591572,-410.65640791606546,-1.3120462417
-59.74681733189565,-410.7531238853529,-1.31202350229
-59.72121486019977,-410.8498394109875,-1.31200246826
-59.69561040816597,-410.9465545275368,-1.31198313959
-59.67000414313215,-411.04326926956827,-1.31196551627
-59.6443962324362,-411.1399836716497,-1.31194959829
-59.618786843416025,-411.2366977683485,-1.31193538565
-59.59317614340951,-411.3334115942323,-1.31192287833
-59.56756429975455,-411.4301251838686,-1.31191207632
-59.54195147978904,-411.52683857182507,-1.31190297963
-59.51633785085089,-411.6235517926693,-1.31189558825
-59.490723580277965,-411.7202648809687,-1.31188990216
-59.46510883540819,-411.816977871291,-1.31188592138
-59.43949378357945,-411.91369079820373,-1.31188364589
