-81.44709777832031,-297.08087158203125,-1.28471441334
-81.41862384486879,-297.1776724733881,-1.28471788838
-81.39015061680011,-297.27447345178143,-1.28472831352
-81.36167879949706,-297.3712746042474,-1.28474568883
-81.33320909834248,-297.4680760178225,-1.28477001444
-81.3047422187192,-297.56487777954305,-1.2848012905
-81.27627886601,-297.6616799764454,-1.28483951724
-81.24781974559775,-297.758482695566,-1.28488469491
-81.21936556286528,-297.8552860239411,-1.28493682383
-81.19091702319537,-297.95209004860726,-1.28499590435
-81.16247483197087,-298.0488948566006,-1.28506193688
-81.13403969457458,-298.1457005349576,-1.28513492187
-81.10561231638933,-298.2425071707147,-1.28521485983
-81.07719340279797,-298.3393148509081,-1.28530175128
-81.04878365918329,-298.4361236625744,-1.28539559685
-81.02038379092811,-298.53293369274974,-1.28549639715
-80.99199450341528,-298.6297450284706,-1.28560415288
-80.9636165020276,-298.7265577567733,-1.28571886478
-80.9352504921479,-298.82337196469416,-1.28584053362
-80.90689717915902,-298.92018773926975,-1.28596916024
-80.87855726844374,-299.0170051675362,-1.2861047455
-80.85023146538492,-299.11382433653,-1.28624729033
-80.82192047536537,-299.2106453332875,-1.2863967957
-80.79362500376791,-299.30746824484504,-1.2865532626
-80.76534575597537,-299.40429315823906,-1.28671669211
-80.73708343737056,-299.50112016050576,-1.28688708532
-80.7088387533363,-299.59794933868176,-1.28706444337
-80.68061240925545,-299.6947807798032,-1.28724876748
-80.65240511051077,-299.79161457090646,-1.28744005885
-80.62421756248511,-299.8884507990281,-1.28763831879
-80.59605047056134,-299.9852895512043,-1.28784354862
-80.5679045401222,-300.0821309144715,-1.2880557497
-80.53978047655056,-300.178974975866,-1.28827492344
-80.51167898522927,-300.2758218224243,-1.28850107131
-80.48360077154108,-300.3726715411827,-1.2887341948
-80.45554654086885,-300.46952421917746,-1.28897429545
-80.42751699859542,-300.56637994344516,-1.28922137485
-80.39951285010359,-300.6632388010219,-1.28947543462
-80.37153480077617,-300.76010087894434,-1.28973647644
-80.34358355599602,-300.85696626424857,-1.290004502
-80.31565982114593,-300.95383504397114,-1.29027951306
-80.28776430160875,-301.05070730514836,-1.29056151141
-80.25989770276728,-301.1475831348166,-1.29085049888
-80.23206073000432,-301.24446262001226,-1.29114647735
-80.20425408870275,-301.3413458477716,-1.29144944871
-80.17647848424537,-301.43823290513103,-1.29175941493
-80.14873462201497,-301.535123879127,-1.29207637798
-80.12102320739442,-301.6320188567958,-1.2924003399
-80.0933449457665,-301.7289179251739,-1.29273130275
-80.06570054251407,-301.8258211712975,-1.29306926863
-80.03809070301992,-301.922728682203,-1.29341423968
-80.0105161326669,-302.01964054492686,-1.29376621807
-79.98297753683781,-302.11655684650543,-1.29412520601
-79.9554756209155,-302.21347767397504,-1.29449120576
-79.92801109028274,-302.310403114372,-1.29486421958
-79.9005846503224,-302.40733325473275,-1.2952442498
-79.87319700641731,-302.5042681820937,-1.29563129877
-79.84584886395025,-302.6012079834911,-1.29602536886
-79.81854092830407,-302.69815274596147,-1.2964264625
-79.79127390486158,-302.795102556541,-1.29683458213
-79.76404849900563,-302.8920575022661,-1.29724973023
-79.736865416119,-302.98901767017327,-1.29767190932
-79.70972536158453,-303.08598314729875,-1.29810112193
-79.68262904078506,-303.18295402067895,-1.29853737064
-79.65557715910339,-303.2799303773502,-1.29898065804
-79.62857042192235,-303.3769123043488,-1.29943098677
-79.60160953462476,-303.4738998887114,-1.29988835948
-79.57469520259346,-303.570893217474,-1.30035277887
-79.54782813121123,-303.6678923776733,-1.30082424763
-79.52100902586093,-303.76489745634535,-1.30130276852
-79.4942385919254,-303.86190854052677,-1.3017883443
-79.46751753478739,-303.9589257172538,-1.30228097775
-79.4408465598298,-304.05594907356283,-1.30278067169
-79.4142263724354,-304.15297869649027,-1.30328742895
-79.38765767798704,-304.25001467307237,-1.3038012524
-79.36114118186754,-304.34705709034563,-1.30432214491
-79.33467758945969,-304.4441060353463,-1.3048501094
-79.30826760614634,-304.54116159511085,-1.30538514877
-79.28191193731034,-304.6382238566756,-1.30592726598
-79.25561128833446,-304.73529290707694,-1.30647646399
-79.22936636460155,-304.8323688333512,-1.30703274578
-79.20317787149445,-304.92945172253474,-1.30759611435
-79.17704651439593,-305.0265416616639,-1.30816657271
-79.15097299868884,-305.1236387377752,-1.30874412389
-79.12495802975603,-305.2207430379048,-1.30932877094
-79.09900231298028,-305.31785464908927,-1.30992051692
-79.07310655374442,-305.4149736583648,-1.31051936489
-79.04727145743131,-305.51210015276786,-1.31112531795
-79.02149772942371,-305.6092342193347,-1.3117383792
-78.9957860751045,-305.70637594510185,-1.31235855173
-78.97013719985648,-305.8035254171056,-1.31298583868
-78.94455180906246,-305.90068272238227,-1.31362024316
-78.91903060810529,-305.99784794796835,-1.3142617683
-78.89357430236775,-306.0950211809,-1.31491041726
-78.8681835972327,-306.19220250821377,-1.31556619317
-78.84285919808296,-306.289392016946,-1.31622909919
-78.81760181030133,-306.386589794133,-1.31689913848
-78.79241213927064,-306.4837959268112,-1.31757631419
-78.76729089037373,-306.58101050201685,-1.31826062949
-78.7422387689934,-306.6782336067864,-1.31895208753
-78.71725648051249,-306.77546532815626,-1.31965069149
-78.69234473031382,-306.87270575316273,-1.32035644452
-78.66750422378018,-306.9699549688422,-1.32106934979
-78.64273566629446,-307.067213062231,-1.32178941044
-78.61803976323941,-307.1644801203655,-1.32251662964
-78.59341721999789,-307.2617562302822,-1.32325101052
-78.56886874195273,-307.3590414790172,-1.32399255624
-78.54439503448671,-307.45633595360715,-1.32474126992
-78.5199968029827,-307.55363974108826,-1.32549715469
-78.4956747528235,-307.65095292849685,-1.32626021366
-78.47142958939195,-307.74827560286946,-1.32703044994
-78.44726201807083,-307.84560785124233,-1.32780786663
-78.42317274424302,-307.94294976065186,-1.32859246679
-78.39916247329128,-308.0403014181344,-1.32938425349
-78.37523191059849,-308.13766291072625,-1.33018322978
-78.35138176154744,-308.23503432546397,-1.3309893987
-78.32761273152096,-308.33241574938376,-1.33180276326
-78.30392552590186,-308.42980726952203,-1.33262332645
-78.280320850073,-308.52720897291516,-1.33345109125
-78.25679940941714,-308.6246209465995,-1.33428606061
-78.23336190931718,-308.7220432776115,-1.33512823745
-78.21000905515588,-308.8194760529873,-1.33597762469
-78.18674155231608,-308.91691935976354,-1.33683422519
-78.16356010618061,-309.0143732849764,-1.33769804182
-78.14046542213228,-309.11183791566236,-1.3385690774
-78.11745820555393,-309.20931333885767,-1.33944733471
-78.09453916182838,-309.3067996415988,-1.34033281653
-78.07170899633843,-309.4042969109221,-1.34122552558
-78.04896841446693,-309.5018052338639,-1.34212546455
-78.02631812159669,-309.59932469746053,-1.34303263612
-78.00375882311053,-309.6968553887484,-1.3439470429
-77.98129122439126,-309.79439739476396,-1.34486868747
-77.95891603082174,-309.8919508025435,-1.34579757239
-77.93663394778476,-309.98951569912333,-1.34673370016
-77.91444568066315,-310.0870921715399,-1.34767707325
-77.89235193483974,-310.18468030682953,-1.34862769406
-77.87035341569732,-310.2822801920286,-1.34958556498
-77.84845082861878,-310.3798919141735,-1.35055068833
-77.82664487898687,-310.47751556030056,-1.35152306639
-77.80493627218445,-310.5751512174462,-1.35250270138
-77.78332571359435,-310.6727989726467,-1.35348959548
-77.76181390859936,-310.7704589129385,-1.35448375082
-77.74040156258233,-310.86813112535793,-1.35548516947
-77.71908938092608,-310.9658156969414,-1.35649385342
-77.69787806901341,-311.0635127147252,-1.35750980465
-77.67676833222716,-311.1612222657458,-1.35853302504
-77.65576087595016,-311.2589444370395,-1.35956351642
-77.63485640556522,-311.3566793156426,-1.36060128057
-77.61405562645515,-311.45442698859154,-1.3616463192
-77.59335924400281,-311.55218754292275,-1.36269863393
-77.57276796359098,-311.6499610656725,-1.36375822635
-77.55228249060251,-311.74774764387723,-1.36482509795
-77.53190353042021,-311.84554736457324,-1.36589925017
-77.51163178842691,-311.94336031479685,-1.36698068436
-77.49146797000543,-312.0411865815846,-1.36806940182
-77.47141278053859,-312.13902625197267,-1.36916540374
-77.4514669254092,-312.2368794129976,-1.37026869125
-77.43163111000013,-312.3347461516956,-1.37137926541
-77.41190603969413,-312.43262655510307,-1.37249712718
-77.39229241987407,-312.5305207102565,-1.37362227744
-77.37279095592278,-312.62842870419206,-1.374754717
-77.35340235322305,-312.7263506239463,-1.37589444656
-77.33412731715772,-312.8242865565555,-1.37704146676
-77.31496655310961,-312.92223658905596,-1.37819577811
-77.29592076646153,-313.0202008084842,-1.37935738106
-77.27699066259633,-313.11817930187647,-1.38052627596
-77.25817694689681,-313.21617215626924,-1.38170246305
-77.2394803247458,-313.31417945869873,-1.38288594248
-77.22090150152614,-313.4122012962014,-1.3840767143
-77.2024411826206,-313.5102377558136,-1.38527477847
-77.18410007341205,-313.6082889245717,-1.38648013483
-77.16587887928331,-313.70635488951206,-1.38769278311
-77.14777830561718,-313.80443573767104,-1.38891272294
-77.12979905779649,-313.9025315560851,-1.39013995385
-77.11194184120409,-314.0006424317904,-1.39137447525
-77.09420736122274,-314.09876845182345,-1.39261628642
-77.07659632323532,-314.1969097032207,-1.39386538656
-77.05910943262464,-314.2950662730183,-1.39512177473
-77.04174739477351,-314.39323824825277,-1.39638544986
-77.02451091506474,-314.49142571596036,-1.39765641078
-77.0074006988812,-314.5896287631776,-1.39893465618
-76.99041745160565,-314.68784747694076,-1.40022018465
-76.97356187862097,-314.78608194428614,-1.40151299461
-76.95683468530994,-314.88433225225026,-1.4028130844
-76.9402365770554,-314.9825984878694,-1.40412045218
-76.92376825924019,-315.0808807381798,-1.40543509602
-76.90743043724709,-315.1791790902181,-1.40675701382
-76.89122381645895,-315.2774936310205,-1.40808620336
-76.8751491022586,-315.37582444762336,-1.40942266227
-76.85920700002885,-315.4741716270631,-1.41076638805
-76.8433982151525,-315.57253525637606,-1.41211737806
-76.82772345301242,-315.67091542259857,-1.41347562948
-76.8121834189914,-315.76931221276703,-1.41484113938
-76.79677881847226,-315.8677257139179,-1.41621390466
-76.78151035683786,-315.96615601308736,-1.41759392207
-76.76637873947097,-316.0646031973119,-1.41898118821
-76.75138467175445,-316.16306735362787,-1.42037569953
-76.7365288590711,-316.2615485690716,-1.42177745229
-76.72181200680375,-316.3600469306795,-1.42318644263
-76.70723482033524,-316.45856252548793,-1.4246026665
-76.69279800504836,-316.55709544053326,-1.42602611969
-76.67850226632595,-316.6556457628518,-1.42745679783
-76.66434830955085,-316.75421357947994,-1.42889469637
-76.65033684010584,-316.85279897745414,-1.4303398106
-76.63646856337377,-316.9514020438106,-1.43179213562
-76.62274418473747,-317.0500228655859,-1.43325166636
-76.60916440957973,-317.14866152981614,-1.4347183976
-76.5957299432834,-317.24731812353787,-1.43619232389
-76.58244149123132,-317.34599273378745,-1.43767343963
-76.56929975880627,-317.4446854476012,-1.43916173903
-76.55630545139107,-317.5433963520155,-1.4406572161
-76.54345927436859,-317.6421255340667,-1.44215986469
-76.53076193312161,-317.7408730807912,-1.44366967843
-76.51821413303298,-317.8396390792253,-1.44518665078
-76.5058165794855,-317.93842361640543,-1.44671077497
-76.493569977862,-318.037226779368,-1.44824204407
-76.48147503354531,-318.13604865514924,-1.44978045093
-76.46953245191824,-318.2348893307856,-1.45132598821
-76.45774293836362,-318.33374889331344,-1.45287864835
-76.44610719826427,-318.4326274297691,-1.4544384236
-76.43462593700302,-318.53152502718905,-1.45600530599
-76.42329985996267,-318.6304417726095,-1.45757928735
-76.41212967252608,-318.72937775306696,-1.45916035928
-76.40111608007604,-318.8283330555977,-1.46074851319
-76.39025978799538,-318.92730776723806,-1.46234374026
-76.37956150166693,-319.0263019750245,-1.46394603144
-76.3690219264735,-319.1253157659933,-1.46555537748
-76.35864176779792,-319.224349227181,-1.4671717689
-76.34842173102302,-319.32340244562374,-1.46879519599
-76.33836252153161,-319.422475508358,-1.47042564882
-76.32846484470653,-319.52156850242017,-1.47206311721
-76.31872940593057,-319.6206815148465,-1.47370759079
-76.30915691058657,-319.7198146326735,-1.47535905891
-76.29974806405737,-319.81896794293743,-1.47701751071
-76.29050357172576,-319.9181415326747,-1.4786829351
-76.28142413897459,-320.01733548892173,-1.48035532074
-76.27251047118666,-320.11654989871477,-1.48203465604
-76.26376327374481,-320.2157848490903,-1.48372092917
-76.25518325203186,-320.31504042708457,-1.48541412807
-76.24677111143062,-320.4143167197341,-1.48711424042
-76.23852755732392,-320.51361381407503,-1.48882125366
-76.23045329509458,-320.6129317971439,-1.49053515496
-76.22254903012545,-320.7122707559771,-1.49225593126
-76.2148154677993,-320.8116307776109,-1.49398356922
-76.20725326225778,-320.911011943419,-1.49571454335
-76.19986148962973,-321.01041416038726,-1.49742195027
-76.19263738788307,-321.1098371323645,-1.49910017426
-76.18557809133472,-321.20928055174494,-1.50074921832
-76.17868073430158,-321.308744110923,-1.50236908625
-76.17194245110059,-321.40822750229285,-1.5039597826
-76.1653603760487,-321.5077304182488,-1.50552131262
-76.1589316434628,-321.60725255118507,-1.50705368221
-76.15265338765984,-321.70679359349606,-1.5085568979
-76.14652274295672,-321.806353237576,-1.51003096681
-76.14053684367039,-321.90593117581903,-1.5114758966
-76.13469282411776,-322.0055271006196,-1.51289169542
-76.1289878186158,-322.1051407043718,-1.51427837191
-76.12341896148138,-322.2047716794701,-1.51563593514
-76.11798338703143,-322.30441971830874,-1.51696439456
-76.11267822958294,-322.4040845132819,-1.51826376002
-76.10750062345275,-322.5037657567838,-1.51953404166
-76.10244770295786,-322.6034631412089,-1.52077524995
-76.09751660241514,-322.70317635895134,-1.52198739559
-76.09270445614153,-322.8029051024055,-1.52317048955
-76.08800839845398,-322.90264906396555,-1.52432454297
-76.08342556366942,-323.0024079360258,-1.52544956718
-76.07895308610473,-323.1021814109805,-1.52654557364
-76.07458810007687,-323.20196918122406,-1.52761257396
-76.07032773990275,-323.3017709391506,-1.52865057979
-76.06616913989934,-323.40158637715444,-1.52965960286
-76.06210943438352,-323.5014151876299,-1.53063965495
-76.05814575767222,-323.6012570629711,-1.53159074782
-76.05427524408236,-323.7011116955725,-1.53251289325
-76.05049502793092,-323.8009787778283,-1.53340610294
-76.04680224353476,-323.90085800213274,-1.53427038856
-76.04319402521084,-324.00074906088014,-1.53510576168
-76.03966750727608,-324.10065164646477,-1.53591223378
-76.0362198240474,-324.20056545128097,-1.53668981619
-76.03284810984174,-324.30049016772284,-1.53743852011
-76.02954949897602,-324.4004254881848,-1.53815835658
-76.02632112576717,-324.500371105061,-1.53884933643
-76.02316012453208,-324.6003267107459,-1.53951147032
-76.02006362958774,-324.7002919976336,-1.54014476867
-76.01702877525103,-324.80026665811846,-1.54074924167
-76.0140526958389,-324.9002503845947,-1.54132489927
-76.01113252566827,-325.0002428694567,-1.54187175114
-76.00826539905603,-325.10024380509867,-1.54238980668
-76.00544845031915,-325.2002528839148,-1.54287907499
-76.00267881377457,-325.3002697982995,-1.54333956488
-75.99995362373917,-325.40029424064693,-1.54377128482
-75.99727001452989,-325.5003259033515,-1.54417424297
-75.99462512046368,-325.60036447880736,-1.54454844715
-75.99201607585744,-325.7004096594088,-1.54489390482
-75.98944001502811,-325.80046113755014,-1.5452106231
-75.98689407229261,-325.9005186056257,-1.54549860874
-75.98437538196785,-326.00058175602965,-1.54575786809
-75.9818810783708,-326.10065028115633,-1.54598840716
-75.97940829581835,-326.20072387339997,-1.54619023155
-75.97695416862743,-326.3008022251548,-1.54636334648
-75.97451583111497,-326.40088502881525,-1.54650775677
-75.97209041759791,-326.5009719767755,-1.54662346682
-75.96967506239316,-326.6010627614298,-1.54671048066
-75.96726689981766,-326.70115707517243,-1.54676880189
-75.96486306418832,-326.8012546103977,-1.5467984337
-75.96246068982207,-326.90135505949985,-1.5467993789
-75.96005691103584,-327.00145811487323,-1.54677163985
-75.95764886214656,-327.101563468912,-1.54671521852
-75.95523367747114,-327.2016708140105,-1.54663011647
-75.95280849132654,-327.301779842563,-1.54651633485
-75.95037043802965,-327.4018902469638,-1.54637387441
-75.9479166518974,-327.50200171960716,-1.54620273547
-75.94544426724676,-327.6021139528873,-1.54600291799
-75.9429504183946,-327.7022266391985,-1.54577442151
-75.94043223965787,-327.8023394709351,-1.54551724518
-75.93788686535349,-327.90245214049133,-1.54523138778
-75.9353114297984,-328.00256434026153,-1.54491684769
-75.93270306730953,-328.1026757626399,-1.54457362294
-75.93005891220379,-328.20278610002066,-1.54420171118
-75.92737609879808,-328.3028950447982,-1.54380110971
-75.92465176140938,-328.4030022893668,-1.5433718155
-75.92188303435458,-328.5031075261206,-1.54291382515
-75.91906705195063,-328.603210447454,-1.54242713497
-75.91620094851444,-328.70331074576126,-1.54191174092
-75.91328185836295,-328.8034081134366,-1.54136763869
-75.91030691581308,-328.9035022428743,-1.54079482367
-75.90727325518175,-329.0035928264688,-1.54019329095
-75.90417801078588,-329.1036795566141,-1.5395630354
-75.9010183169424,-329.2037621257046,-1.5389040516
-75.89779130796826,-329.30384022613464,-1.53821633393
-75.89449411818036,-329.40391355029834,-1.53749987653
-75.89112388189564,-329.5039817905901,-1.53675467336
-75.887677733431,-329.6040446394042,-1.53598071818
-75.88415280710342,-329.70410178913494,-1.53517800461
-75.88054623722978,-329.8041529321764,-1.5343465261
-75.87685515812701,-329.904197760923,-1.53348627599
-75.87307670411205,-330.0042359677691,-1.53259724752
-75.8692080095018,-330.1042672451088,-1.53167943383
-75.86524620861324,-330.20429128533647,-1.53073282802
-75.86118843576325,-330.30430778084633,-1.52975742314
-75.85703182526879,-330.4043164240327,-1.52875321223
-75.85277351144674,-330.5043169072898,-1.52772018834
-75.84841062861406,-330.604308923012,-1.52665834454
-75.84394031108769,-330.7042921635935,-1.52556767399
-75.8393596931845,-330.8042663214286,-1.52444816991
-75.8346659092215,-330.90423108891156,-1.52329982564
-75.8298560935155,-331.0041861584367,-1.52212263468
-75.82492738038356,-331.10413122239817,-1.52091659068
-75.81987690414249,-331.20406597319044,-1.51968168748
-75.8147017991093,-331.3039901032075,-1.51841791919
-75.80939919960085,-331.40390330484394,-1.51712528015
-75.80396623993413,-331.5038052704939,-1.51580376498
-75.79840005442601,-331.60369569255164,-1.51445336867
-75.79269777739346,-331.7035742634114,-1.51307408653
-75.78685654315338,-331.80344067546747,-1.51166591427
-75.78087348602268,-331.9032946211142,-1.51022884804
-75.77474574031835,-332.0031357927458,-1.50876288443
-75.76847044035726,-332.1029638827565,-1.50726802054
-75.76204472045636,-332.2027785835407,-1.50574425402
-75.75546571493254,-332.3025795874926,-1.50419158305
-75.74873055810278,-332.40236658700644,-1.50261000647
-75.74183638428397,-332.5021392744765,-1.50099952373
-75.73478032779305,-332.6018973422972,-1.499360135
-75.72755952294695,-332.7016404828626,-1.49769184114
-75.72017110406257,-332.80136838856714,-1.49599464382
-75.71261220545686,-332.901080751805,-1.49426854551
-75.70487996144674,-333.00077726497045,-1.49251354952
-75.69697178155772,-333.1004576477498,-1.49074299622
-75.6888888538419,-333.2001219945389,-1.48900756403
-75.68063511069971,-333.2997706718859,-1.48731219056
-75.67221454625076,-333.3994040524593,-1.48565688949
-75.66363115461476,-333.49902250892796,-1.48404167305
-75.65488892991141,-333.59862641396046,-1.48246655211
-75.64599186626036,-333.6982161402254,-1.48093153625
-75.63694395778134,-333.7977920603915,-1.47943663385
-75.627749198594,-333.89735454712735,-1.47798185215
-75.61841158281803,-333.9969039731016,-1.47656719731
-75.60893510457309,-334.096440710983,-1.47519267453
-75.59932375797892,-334.19596513344015,-1.47385828806
-75.58958153715517,-334.2954776131416,-1.47256404129
-75.57971243622151,-334.3949785227563,-1.47130993683
-75.56972044929766,-334.49446823495254,-1.47009597654
-75.55960957050327,-334.59394712239924,-1.46892216164
-75.54938379395803,-334.693415557765,-1.46778849269
-75.53904711378166,-334.7928739137184,-1.46669496974
-75.5286035240938,-334.89232256292814,-1.46564159231
-75.51805701901412,-334.9917618780629,-1.46462835948
-75.50741159266235,-335.0911922317913,-1.46365526994
-75.49667123915818,-335.19061399678196,-1.46272232202
-75.48583995262125,-335.29002754570365,-1.46182951375
-75.47492172717125,-335.3894332512249,-1.46097684291
-75.46392055692789,-335.4888314860144,-1.46016430706
-75.45284043601083,-335.58822262274094,-1.4593919036
-75.44168535853977,-335.687607034073,-1.45865962979
-75.43045931863439,-335.7869850926793,-1.45796748278
-75.41916631041437,-335.88635717122844,-1.4573154597
-75.40781032799939,-335.9857236423892,-1.4567035576
-75.39639536550914,-336.0850848788301,-1.45613177359
-75.3849254170633,-336.1844412532199,-1.45560010476
-75.37340447678156,-336.2837931382272,-1.45510854832
-75.36183653878359,-336.38314090652074,-1.45465710151
-75.35022559718908,-336.48248493076903,-1.45424576172
-75.33857564611773,-336.5818255836408,-1.45387452647
-75.3268906796892,-336.68116323780475,-1.45354339342
-75.31517469202319,-336.7804982659295,-1.4532523604
-75.30343167723937,-336.8798310406837,-1.45300142543
-75.29166562945744,-336.979161934736,-1.45279058675
-75.27988054279707,-337.07849132075506,-1.45261984279
-75.26808041137794,-337.1778195714095,-1.45248919221
-75.25626922931976,-337.277147059368,-1.45239863389
-75.24445099074218,-337.3764741572993,-1.45234816698
-75.2326296897649,-337.47580123787185,-1.45233779083
-75.2208093205076,-337.57512867375453,-1.45236750507
-75.20899387708997,-337.67445683761594,-1.45243730955
-75.1971873536317,-337.77378610212463,-1.45254720439
-75.18539374425245,-337.8731168399493,-1.45269718991
-75.17361704307191,-337.97244942375875,-1.4528872667
-75.1618609927185,-338.07178420190667,-1.45310654431
-75.15012669926693,-338.17112126783985,-1.45332298309
-75.13841369485448,-338.2704605628332,-1.45353449757
-75.12672149054629,-338.3698020261245,-1.45374108771
-75.1150495974075,-338.46914559695153,-1.45394275347
-75.10339752650327,-338.5684912145519,-1.4541394948
-75.09176478889873,-338.66783881816343,-1.45433131168
-75.08015089565906,-338.76718834702393,-1.45451820406
-75.06855535784936,-338.8665397403711,-1.45470017192
-75.05697768653484,-338.96589293744256,-1.45487721522
-75.04541739278059,-339.0652478774762,-1.45504933393
-75.0338739876518,-339.1646044997097,-1.45521652802
-75.0223469822136,-339.2639627433809,-1.45537879745
-75.01083588753116,-339.36332254772736,-1.4555361422
-74.9993402146696,-339.4626838519869,-1.45568856223
-74.98785947469408,-339.5620465953974,-1.45583605752
-74.97639317866975,-339.6614107171964,-1.45597862804
-74.96494083766176,-339.7607761566218,-1.45611627374
-74.95350196273526,-339.86014285291117,-1.45624899462
-74.94207606495539,-339.9595107453024,-1.45637679063
-74.9306626553873,-340.05887977303314,-1.45649966174
-74.91926124509615,-340.1582498753412,-1.45661760792
-74.90787134514709,-340.25762099146436,-1.45673062915
-74.89649246660524,-340.35699306064015,-1.45683872539
-74.88512412053579,-340.4563660221065,-1.4569418966
-74.87376581800386,-340.5557398151012,-1.45704014275
-74.86241707007461,-340.6551143788618,-1.45713346382
-74.85107738781319,-340.7544896526262,-1.45722185975
-74.83974628228474,-340.853865575632,-1.45730533052
-74.82842326455442,-340.9532420871171,-1.4573838761
-74.81710784568736,-341.0526191263192,-1.45745749643
-74.80579953674872,-341.1519966324759,-1.45752619148
-74.79449784880366,-341.2513745448251,-1.45758996122
-74.78320229291731,-341.3507528026045,-1.45764880559
-74.77191238015482,-341.4501313450519,-1.45770272456
-74.76062762158136,-341.54951011140486,-1.45775171808
-74.74934752826205,-341.6488890409013,-1.45779578611
-74.73807161126209,-341.74826807277884,-1.45783492859
-74.72679938164654,-341.8476471462754,-1.45786914548
-74.71553035048063,-341.94702620062844,-1.45789843673
-74.70426402882948,-342.04640517507596,-1.45792280228
-74.69299992775824,-342.14578400885557,-1.45794224209
-74.68173755833205,-342.2451626412051,-1.45795675609
-74.67047643161605,-342.3445410113622,-1.45796634424
-74.65921605867544,-342.44391905856463,-1.45797100647
-74.6479559505753,-342.5432967220501,-1.45797074272
-74.63669561838083,-342.64267394105656,-1.45796555294
-74.62543457315715,-342.7420506548215,-1.45795543706
-74.61417232596943,-342.8414268025828,-1.45794039501
-74.60290838788279,-342.9408023235781,-1.45792042673
-74.59164226996242,-343.0401771570452,-1.45789553215
-74.58037348327345,-343.1395512422219,-1.45786571121
-74.56910153888099,-343.2389245183458,-1.45783096383
-74.55782594785023,-343.3382969246548,-1.45779128994
-74.54654622124633,-343.43766840038654,-1.45774668947
-74.53526187013442,-343.5370388847788,-1.45769716234
-74.52397240557964,-343.6364083170693,-1.45764270847
-74.51267733864715,-343.73577663649576,-1.4575833278
-74.5013761804021,-343.8351437822959,-1.45751902023
-74.49006844190963,-343.9345096937077,-1.45744978569
-74.4787536342349,-344.03387430996855,-1.4573756241
-74.46743126844305,-344.1332375703165,-1.45729653538
-74.45610085559922,-344.232599413989,-1.45721251943
-74.44476190676859,-344.331959780224,-1.45712357618
-74.43341393301628,-344.43131860825923,-1.45702970554
-74.42205644540745,-344.53067583733235,-1.45693090743
-74.41068895500725,-344.6300314066811,-1.45682718174
-74.39931097288081,-344.7293852555433,-1.45671852841
-74.3879220100933,-344.82873732315664,-1.45660494733
-74.37652157770987,-344.928087548759,-1.45648643841
-74.36510918679565,-345.0274358715878,-1.45636300158
-74.35368434841581,-345.12678223088096,-1.45623463672
-74.34224657363548,-345.22612656587637,-1.45610134376
-74.33079537351982,-345.3254688158116,-1.45596312261
-74.31933025913398,-345.4248089199245,-1.45581997316
-74.3078507415431,-345.5241468174526,-1.45567189532
-74.29635633181235,-345.6234824476338,-1.45551888902
-74.28484654100686,-345.7228157497059,-1.45536095414
-74.27332088019176,-345.8221466629065,-1.4551980906
-74.26177886043223,-345.9214751264734,-1.45503029832
-74.25021999279342,-346.02080107964446,-1.45485757719
-74.23864378834044,-346.1201244616572,-1.45467992713
-74.22704975813849,-346.2194452117496,-1.45449734804
-74.21543741325269,-346.31876326915915,-1.45430983985
-74.20380626474818,-346.41807857312375,-1.45411740245
-74.19215582369014,-346.51739106288113,-1.45392003577
-74.1804856011437,-346.616700677669,-1.45371773971
-74.168795108174,-346.71600735672513,-1.4535105142
-74.15708385584621,-346.8153110392872,-1.45329835915
-74.14535135522546,-346.914611664593,-1.45308127447
-74.1335971173769,-347.0139091718803,-1.45285926009
-74.12182065336569,-347.11320350038676,-1.45263231594
-74.11002147425698,-347.2124945893503,-1.45240044193
-74.0981990911159,-347.3117823780084,-1.452163638
-74.08635301500762,-347.4110668055989,-1.45192190407
-74.07448275699727,-347.5103478113597,-1.45167524007
-74.06258782815001,-347.60962533452835,-1.45142364595
-74.05066773953101,-347.7088993143426,-1.45116712163
-74.03872200220538,-347.80816969004036,-1.45090566706
-74.02675012723829,-347.9074364008592,-1.45063928219
-74.01475162569486,-348.00669938603704,-1.45036796695
-74.00272600864028,-348.10595858481133,-1.45009172132
-73.99067278713969,-348.20521393642,-1.44981054523
-73.9785914722582,-348.30446538010096,-1.44952443865
-73.96648157506101,-348.4037128550916,-1.44923340155
-73.95434260661325,-348.50295630062993,-1.44893743389
-73.94217407798006,-348.60219565595355,-1.44863653564
-73.92997550022659,-348.7014308603002,-1.4483307068
-73.917746384418,-348.8006618529078,-1.44801994733
-73.90548624161944,-348.8998885730138,-1.44770425724
-73.89319458289603,-348.9991109598561,-1.4473836365
-73.88087091931295,-349.0983289526726,-1.44705808514
-73.86851476193533,-349.19754249070076,-1.44672760315
-73.85612562182834,-349.29675151317855,-1.44639219054
-73.84370301005711,-349.3959559593435,-1.44605184734
-73.8312464376868,-349.49515576843345,-1.44570657358
-73.81875541578253,-349.59435087968626,-1.44535636928
-73.8062294554095,-349.6935412323395,-1.4450012345
-73.79366806763282,-349.792726765631,-1.44464116927
-73.78107076351765,-349.89190741879844,-1.44427617366
-73.76843705412914,-349.99108313107956,-1.44390624773
-73.75576645053242,-350.09025384171224,-1.44353139156
-73.74305846379266,-350.18941948993404,-1.44315160522
-73.73031260497501,-350.28858001498276,-1.44276688881
-73.71752838514462,-350.3877353560963,-1.44237724244
-73.70470531536662,-350.4868854525121,-1.4419826662
-73.69184290670619,-350.5860302434682,-1.44158316022
-73.67894067022844,-350.68516966820215,-1.44117872462
-73.66599811699855,-350.7843036659517,-1.44076935956
-73.65301475808165,-350.88343217595474,-1.44035506518
-73.63999010454289,-350.98255513744886,-1.43993584164
-73.62692366744743,-351.0816724896719,-1.43951168911
-73.61381495786041,-351.1807841718615,-1.43908260779
-73.600663486847,-351.2798901232555,-1.43864859786
-73.58746876547231,-351.37899028309164,-1.43820965953
-73.57423030480183,-351.4780845906075,-1.43776579375
-73.56094775172194,-351.5771730024007,-1.43732105258
-73.54762127482401,-351.6762555417479,-1.43687927689
-73.53425116794375,-351.77533224793405,-1.43644046683
-73.52083772491679,-351.8744031602438,-1.43600462257
-73.50738123957882,-351.97346831796176,-1.43557174426
-73.4938820057655,-352.0725277603728,-1.43514183205
-73.48034031731247,-352.1715815267615,-1.43471488608
-73.4667564680554,-352.27062965641255,-1.43429090648
-73.45313075182996,-352.36967218861065,-1.43386989338
-73.43946346247183,-352.46870916264055,-1.43345184689
-73.42575489381666,-352.56774061778697,-1.43303676714
-73.4120053397001,-352.6667665933345,-1.43262465422
-73.39821509395782,-352.765787128568,-1.43221550826
-73.3843844504255,-352.86480226277206,-1.43180932933
-73.37051370293878,-352.96381203523134,-1.43140611754
-73.35660314533334,-353.06281648523066,-1.43100587296
-73.34265307144483,-353.16181565205466,-1.43060859569
-73.32866377510894,-353.26080957498795,-1.43021428579
-73.3146355501613,-353.3597982933154,-1.42982294334
-73.30056869043759,-353.45878184632164,-1.4294345684
-73.28646348977347,-353.5577602732914,-1.42904916102
-73.27232024200462,-353.6567336135093,-1.42866672128
-73.25813924096667,-353.7557019062601,-1.42828724921
-73.2439207804953,-353.85466519082837,-1.42791074486
-73.22966515442617,-353.953623506499,-1.42753720827
-73.21537265659497,-354.0525768925566,-1.42716663949
-73.20104358083734,-354.1515253882859,-1.42679903853
-73.18667822098894,-354.25046903297164,-1.42643440544
-73.17227687088543,-354.3494078658984,-1.42607274023
-73.15783982436248,-354.4483419263509,-1.42571404292
-73.14336737525576,-354.5472712536139,-1.42535831353
-73.12885981740094,-354.6461958869721,-1.42500555207
-73.11431744463366,-354.7451158657102,-1.42465575856
-73.09974055078959,-354.84403122911283,-1.42430893298
-73.08512942970441,-354.9429420164647,-1.42396507535
-73.07048437521378,-355.04184826705074,-1.42362418566
-73.05580568115333,-355.14075002015534,-1.42328626391
-73.04109364135876,-355.2396473150633,-1.42295131008
-73.02634854966573,-355.33854019105934,-1.42261932416
-73.0115706999099,-355.43742868742817,-1.42229030614
-72.99676038592692,-355.5363128434545,-1.421964256
-72.98191790155245,-355.635192698423,-1.42164117371
-72.96704354062217,-355.7340682916184,-1.42132105925
-72.95213759697177,-355.8329396623254,-1.4210039126
-72.93720036443685,-355.93180684982866,-1.42068973371
-72.92223213685311,-356.03066989341283,-1.42037852257
-72.90723320805621,-356.1295288323627,-1.42007027912
-72.89220387188183,-356.22838370596304,-1.41976500335
-72.8771444221656,-356.32723455349833,-1.41946269519
-72.86205515274321,-356.4260814142535,-1.41916335462
-72.8469363574503,-356.5249243275132,-1.41886698158
-72.83178833012256,-356.62376333256196,-1.41857357602
-72.81661136459563,-356.7225984686847,-1.41828313791
-72.80140575470519,-356.82142977516594,-1.41799566718
-72.78617179428689,-356.92025729129045,-1.41771116379
-72.77090977717641,-357.01908105634305,-1.41742962767
-72.7556199972094,-357.11790110960817,-1.41715105877
-72.74030274822151,-357.21671749037085,-1.41687545704
-72.72495832404843,-357.31553023791554,-1.4166028224
-72.70958701852584,-357.41433939152694,-1.41633315481
-72.69418912548934,-357.5131449904899,-1.41606645419
-72.67876493877463,-357.611947074089,-1.41580272048
-72.6633147522174,-357.710745681609,-1.41554195361
-72.64783885965328,-357.8095408523345,-1.41528415352
-72.63233755491792,-357.9083326255504,-1.41502932014
-72.61681113184703,-358.0071210405413,-1.41477745339
-72.60125988427623,-358.1059061365918,-1.41452855322
-72.5856841060412,-358.20468795298666,-1.41428261953
-72.57008409097763,-358.3034665290106,-1.41403965227
-72.55446013292112,-358.4022419039484,-1.41379965136
-72.53881252570739,-358.5010141170846,-1.41356261672
-72.52314156317208,-358.59978320770404,-1.41332854828
-72.50744753915086,-358.69854921509136,-1.41309744595
-72.4917307474794,-358.79731217853123,-1.41286930968
-72.47599148199335,-358.8960721373084,-1.41264413937
-72.46023003652836,-358.9948291307075,-1.41242193495
-72.44444670492013,-359.09358319801333,-1.41220269634
-72.42864178100429,-359.1923343785105,-1.41198642346
-72.41281555861653,-359.29108271148374,-1.41177311624
-72.39696833159249,-359.38982823621785,-1.41156277459
-72.38110039376785,-359.4885709919974,-1.41135539843
-72.36521203897827,-359.58731101810713,-1.41115098769
-72.34930356105941,-359.6860483538317,-1.41094954229
-72.33337525384694,-359.7847830384559,-1.41075106214
-72.31742741117651,-359.88351511126433,-1.41055554716
-72.3014603268838,-359.9822446115418,-1.41036299729
-72.28547429480446,-360.0809715785729,-1.41017341242
-72.26946960877414,-360.17969605164245,-1.4099867925
-72.25344656262857,-360.278418070035,-1.40980313743
-72.23740545020331,-360.37713767303535,-1.40962244714
-72.2213465653341,-360.47585489992815,-1.40944472155
-72.20527020185658,-360.5745697899982,-1.40926996058
-72.18917665360642,-360.6732823825301,-1.40909816416
-72.1730662144193,-360.77199271680854,-1.4089293322
-72.15693917813084,-360.87070083211836,-1.40876346462
-72.14079583857671,-360.96940676774403,-1.40860056136
-72.1246364895926,-361.0681105629705,-1.40844062234
-72.10846142501418,-361.16681225708226,-1.40828364748
-72.09227093867707,-361.2655118893641,-1.4081296367
-72.07606532441697,-361.36420949910075,-1.40797858993
-72.05984487606953,-361.4629051255769,-1.40783050711
-72.04360988747044,-361.56159880807724,-1.40768538815
-72.02736065245531,-361.66029058588646,-1.40754323298
-72.01109746485984,-361.75898049828925,-1.40740404154
-71.99482061851968,-361.8576685845703,-1.40726781375
-71.97853040727051,-361.95635488401433,-1.40713454954
-71.96222712494797,-362.055039435906,-1.40700424886
-71.94591106538775,-362.1537222795301,-1.40687691162
-71.92958252242549,-362.25240345417126,-1.40675253777
-71.91324178989686,-362.3510829991143,-1.40663112723
-71.89688916163755,-362.4497609536437,-1.40651267995
-71.88052493148318,-362.54843735704435,-1.40639719587
-71.86414939326943,-362.64711224860076,-1.40628467491
-71.84776284083198,-362.7457856675979,-1.40617511703
-71.83136556800648,-362.8444576533202,-1.40606852216
-71.81495786862857,-362.9431282450525,-1.40596489024
-71.79854003653395,-363.0417974820796,-1.40586422122
-71.78211236555826,-363.14046540368594,-1.40576651504
-71.76567514953719,-363.23913204915647,-1.40567177165
-71.7492286823064,-363.3377974577757,-1.405579991
-71.73277325770151,-363.4364616688284,-1.40549117303
-71.71630916955822,-363.5351247215993,-1.4054053177
-71.6998367117122,-363.63378665537306,-1.40532242495
-71.68335617799909,-363.73244750943445,-1.40524249474
-71.66686786225455,-363.8311073230681,-1.40516552703
-71.65037205831426,-363.9297661355588,-1.40509152177
-71.63386906001391,-364.028423986191,-1.40502047892
-71.61735916118911,-364.1270809142497,-1.40495239844
-71.60084265567555,-364.22573695901946,-1.40488728029
-71.5843198373089,-364.324392159785,-1.40482512442
-71.56779099992482,-364.42304655583104,-1.40476593082
-71.55125643735894,-364.5217001864422,-1.40470969943
-71.53471644344697,-364.62035309090334,-1.40465643023
-71.51817131202455,-364.71900530849905,-1.40460612319
-71.50162133692734,-364.8176568785139,-1.40455877827
-71.48506681199102,-364.91630784023283,-1.40451439546
-71.46850803105124,-365.01495823294044,-1.40447297472
-71.45194528794366,-365.11360809592145,-1.40443451603
-71.43537887650396,-365.21225746846045,-1.40439901936
-71.4188090905678,-365.31090638984233,-1.4043664847
-71.40223622397085,-365.4095548993517,-1.40433691202
-71.38566057054874,-365.50820303627313,-1.40431030132
-71.36908242413713,-365.60685083989154,-1.40428665256
-71.35250207857176,-365.7054983494915,-1.40426596575
-71.33591982768822,-365.8041456043577,-1.40424824086
-71.31933596532218,-365.9027926437749,-1.40423347788
-71.30275078530934,-366.0014395070277,-1.40422167682
-71.28616458148534,-366.1000862334011,-1.40421283765
-71.26957764768582,-366.19873286217944,-1.40420696038
-71.25299027774649,-366.2973794326475,-1.40420404499
