-6.26557731628418,-10.988885879516602,-2.33088598842
-6.334358571068487,-11.061239852578028,-2.33088526005
-6.403139728801276,-11.133593934617958,-2.33088307495
-6.471920692431027,-11.205948234614889,-2.33087943312
-6.540701364906222,-11.278302861547326,-2.33087433456
-6.609481649175344,-11.350657924393769,-2.33086777928
-6.678261448186872,-11.423013532132723,-2.33085976728
-6.747040664889287,-11.495369793742686,-2.33085029856
-6.815819202231073,-11.567726818202162,-2.33083937314
-6.88459696316071,-11.640084714489653,-2.33082699102
-6.953373850626679,-11.71244359158366,-2.3308131522
-7.022149767577462,-11.784803558462684,-2.33079785671
-7.090924616961539,-11.857164724105228,-2.33078110455
-7.159698301727394,-11.92952719748979,-2.33076289573
-7.228470724823506,-12.00189108759488,-2.33074323027
-7.297241789198357,-12.074256503398992,-2.33072210818
-7.366011397800429,-12.14662355388063,-2.33069952948
-7.434779453578202,-12.218992348018299,-2.33067549418
-7.50354585948016,-12.291362994790497,-2.3306500023
-7.572310518454782,-12.363735603175725,-2.33062305386
-7.641073333450549,-12.43611028215249,-2.33059464888
-7.709834207415945,-12.508487140699286,-2.33056478737
-7.778593043299449,-12.58086628779462,-2.33053346937
-7.847349744049542,-12.653247832416996,-2.3305006949
-7.916104212614709,-12.725631883544912,-2.33046646397
-7.984856351943427,-12.798018550156868,-2.33043077662
-8.05360606498418,-12.87040794123137,-2.33039363287
-8.122353254685448,-12.942800165746918,-2.33035503274
-8.191097823995714,-13.015195332682014,-2.33031497627
-8.259839675863457,-13.087593551015159,-2.33027346348
-8.328578713237162,-13.159994929724856,-2.33023049442
-8.397314839065306,-13.232399577789606,-2.33018606909
-8.466047956296375,-13.30480760418791,-2.33014018755
-8.534777967878846,-13.377219117898273,-2.33009284982
-8.603504776761202,-13.449634227899192,-2.33004405595
-8.672228285891924,-13.522053043169171,-2.32999380595
-8.740948398219496,-13.594475672686714,-2.32994209988
-8.809665016692398,-13.66690222543032,-2.32988893777
-8.878378044259108,-13.739332810378489,-2.32983431966
-8.94708738386811,-13.811767536509727,-2.3297782456
-9.015792938467888,-13.884206512802535,-2.32972071561
-9.08449461100692,-13.956649848235413,-2.32966172975
-9.153192304433688,-14.029097651786865,-2.32960128806
-9.221885921696671,-14.101550032435387,-2.32953939058
-9.290575365744356,-14.17400709915949,-2.32947603737
-9.359260539525222,-14.24646896093767,-2.32941122846
-9.427941345987747,-14.318935726748428,-2.32934496391
-9.496617688080416,-14.391407505570267,-2.32927724376
-9.565289468751711,-14.463884406381691,-2.32920806808
-9.633956590950111,-14.5363665381612,-2.3291374369
-9.702618957624097,-14.608854009887295,-2.32906535028
-9.771276471722151,-14.68134693053848,-2.32899180828
-9.839929036192757,-14.753845409093254,-2.32891681096
-9.908576553984393,-14.82634955453012,-2.32884035836
-9.977218928045545,-14.89885947582758,-2.32876245055
-10.045856061324685,-14.971375281964134,-2.32868308758
-10.114487856770305,-15.043897081918287,-2.32860226952
-10.18311421733088,-15.116424984668539,-2.32851999643
-10.251735045954893,-15.188959099193392,-2.32843626837
-10.320350245590829,-15.261499534471348,-2.32835108541
-10.388959719187161,-15.334046399480906,-2.3282644476
-10.457563369692378,-15.40659980320057,-2.32817635502
-10.526161100054956,-15.479159854608845,-2.32808680773
-10.59475281322338,-15.55172666268423,-2.3279958058
-10.663338412146134,-15.624300336405225,-2.32790334931
-10.73191779977169,-15.696880984750335,-2.32780943832
-10.80049087904854,-15.769468716698057,-2.3277140729
-10.869057552925158,-15.842063641226899,-2.32761725314
-10.937617724350028,-15.914665867315358,-2.3275189791
-11.006171296271631,-15.987275503941937,-2.32741925086
-11.07471817163845,-16.05989266008514,-2.32731806849
-11.143258253398965,-16.132517444723465,-2.32721543209
-11.211791444501655,-16.205149966835418,-2.32711134172
-11.280317647895007,-16.27779033539949,-2.32700579747
-11.348836766527498,-16.350438659394204,-2.32689879942
-11.417348703347608,-16.42309504779804,-2.32679034766
-11.485853361303825,-16.495759609589513,-2.32668044226
-11.554350643344621,-16.568432453747118,-2.32656908333
-11.622840452418489,-16.64111368924936,-2.32645627093
-11.691322691473898,-16.71380342507474,-2.32634200518
-11.759797263459339,-16.786501770201763,-2.32622628614
-11.828264071323288,-16.859208833608925,-2.32610911393
-11.89672301801423,-16.93192472427473,-2.32599048862
-11.965174006480643,-17.004649551177682,-2.32587041032
-12.033616939671008,-17.07738342329628,-2.32574887912
-12.10205172053381,-17.150126449609026,-2.32562589511
-12.170478252017528,-17.22287873909442,-2.32550145841
-12.238896437070643,-17.29564040073097,-2.3253755691
-12.30730617864164,-17.368411543497174,-2.32524822728
-12.375707379678996,-17.44119227637153,-2.32511943307
-12.444099943131196,-17.513982708332545,-2.32498918657
-12.512483771946716,-17.58678294835872,-2.32485748787
-12.580858769074043,-17.65959310542856,-2.3247243371
-12.649224837461656,-17.732413288520558,-2.32458973435
-12.717581880058034,-17.80524360661322,-2.32445367974
-12.785929799811665,-17.878084168685053,-2.32431617338
-12.854268499671026,-17.95093508371455,-2.32417721538
-12.922597882584594,-18.02379646068022,-2.32403680585
-12.990917851500859,-18.09666840856056,-2.32389494492
-13.059228309368295,-18.169551036334077,-2.3237516327
-13.12752915913539,-18.242444452979264,-2.3236068693
-13.195820303750622,-18.31534876747463,-2.32346065486
-13.264101646162471,-18.388264088798675,-2.32331298948
-13.332373089319422,-18.461190525929897,-2.3231638733
-13.40063453616995,-18.534128187846807,-2.32301330644
-13.468885889662545,-18.607077183527895,-2.32286128902
-13.537127052745682,-18.680037621951676,-2.32270782118
-13.605357928367843,-18.753009612096637,-2.32255290304
-13.67357841947751,-18.825993262941296,-2.32239653473
-13.741788429023167,-18.89898868346414,-2.3222387164
-13.809987859953294,-18.97199598264368,-2.32207944816
-13.878176615216372,-19.045015269458414,-2.32191873016
-13.946354597760882,-19.118046652886843,-2.32175656253
-14.014521710535304,-19.19109024190747,-2.32159294542
-14.082677856488122,-19.2641461454988,-2.32142787897
-14.150822938567817,-19.33721447263933,-2.32126136331
-14.21895685972287,-19.410295332307566,-2.32109339859
-14.287079522901761,-19.483388833482003,-2.32092398496
-14.35519083105297,-19.55649508514115,-2.32075312256
-14.423290687124984,-19.629614196263507,-2.32058081154
-14.491378994066281,-19.702746275827568,-2.32040705206
-14.559455654825344,-19.77589143281185,-2.32023184427
-14.62752057235065,-19.84904977619484,-2.32005518832
-14.695573649590683,-19.922221414955054,-2.31987708436
-14.763614789493927,-19.995406458070974,-2.31969753255
-14.831643895008858,-20.068605014521122,-2.31951653306
-14.899660869083965,-20.141817193283988,-2.31933408605
-14.96766561466772,-20.215043103338083,-2.31915019167
-15.03565803470861,-20.288282853661894,-2.31896485009
-15.103638032155118,-20.361536553233936,-2.31877806148
-15.17160550995572,-20.434804311032703,-2.31858982601
-15.239560371058902,-20.508086236036704,-2.31840014384
-15.307502518413145,-20.581382437224438,-2.31820901515
-15.375431854966926,-20.654693023574403,-2.31801644011
-15.44334828366873,-20.728018104065104,-2.3178224189
-15.511251707467038,-20.801357787675038,-2.31762695169
-15.579142029310331,-20.87471218338272,-2.31743003867
-15.64701915214709,-20.948081400166632,-2.31723168001
-15.714882978925798,-21.0214655470053,-2.31703187589
-15.782733412594933,-21.0948647328772,-2.31683062651
-15.85057035610298,-21.16827906676085,-2.31662793205
-15.918393712398421,-21.24170865763475,-2.3164237927
-15.986203384429736,-21.3151536144774,-2.31621820864
-16.0539992751454,-21.388614046267296,-2.31601118007
-16.121781287493903,-21.46209006198295,-2.31580270719
-16.189549324423727,-21.535581770602857,-2.31559279019
-16.257303288883346,-21.609089281105522,-2.31538142927
-16.325043083821246,-21.682612702469445,-2.31516862463
-16.392768612185908,-21.756152143673127,-2.31495437648
-16.46047977692581,-21.829707713695072,-2.31473868501
-16.52817648098944,-21.903279521513777,-2.31452155043
-16.595858627325274,-21.976867676107755,-2.31430297296
-16.663526118881794,-22.050472286455495,-2.3140829528
-16.731178858607482,-22.12409346153551,-2.31386149016
-16.79881674945082,-22.197731310326287,-2.31363858527
-16.86643969436029,-22.271385941806344,-2.31341423833
-16.934047596284376,-22.34505746495417,-2.31318844957
-17.001640358171553,-22.418745988748277,-2.31296121921
-17.069217882970303,-22.492451622167156,-2.31273254747
-17.136780073629108,-22.566174474189317,-2.31250243457
-17.20432683309646,-22.639914653793262,-2.31227088075
-17.271858064320824,-22.71367226995749,-2.31203788623
-17.33937367025069,-22.7874474316605,-2.31180345124
-17.40687355383454,-22.8612402478808,-2.31156757603
-17.474357618020854,-22.935050827596886,-2.31133026082
-17.54182576575811,-23.008879279787262,-2.31109150586
-17.609277899994794,-23.082725713430435,-2.31085131138
-17.676713923679383,-23.156590237504894,-2.31060967763
-17.744133739760365,-23.230472960989157,-2.31036660485
-17.811537251186213,-23.304373992861713,-2.31012209329
-17.878924360905415,-23.37829344210107,-2.30987614321
-17.946294971866454,-23.452231417685724,-2.30962875485
-18.013648987017802,-23.52618802859418,-2.30937992847
-18.08098630930795,-23.600163383804947,-2.30912966432
-18.14830684168537,-23.67415759229652,-2.30887796267
-18.21561048709855,-23.748170763047394,-2.30862482378
-18.282897148495973,-23.822203005036087,-2.3083702479
-18.350166728826114,-23.89625442724108,-2.30811423532
-18.417419131037455,-23.97032513864089,-2.30785678629
-18.484654258078486,-24.04441524821402,-2.30759790109
-18.551872012897682,-24.118524864938966,-2.30733757999
-18.619072298443527,-24.19265409779423,-2.30707582327
-18.686255017664493,-24.266803055758306,-2.3068126312
-18.75342007350907,-24.340971847809715,-2.30654800408
-18.82056736892574,-24.415160582926948,-2.30628194217
-18.887696806862984,-24.489369370088504,-2.30601444578
-18.954808290269284,-24.56359831827288,-2.30574551518
-19.02190172209311,-24.637847536458594,-2.30547515067
-19.088977005282956,-24.712117133624137,-2.30520335254
-19.1560340427873,-24.786407218748018,-2.30493012109
-19.223072737554627,-24.860717900808726,-2.30465545663
-19.290092992533413,-24.935049288784775,-2.30437935944
-19.357094710672143,-25.009401491654657,-2.30410182984
-19.424077794919285,-25.083774618396884,-2.30382286813
-19.491042148223343,-25.15816877798995,-2.30354247462
-19.557987673532782,-25.23258407941236,-2.30326064963
-19.62491427379609,-25.307020631642615,-2.30297739347
-19.691821851961745,-25.38147854365922,-2.30269270645
-19.758710310978227,-25.455957924440668,-2.30240658891
-19.825579553794025,-25.53045888296547,-2.30211904115
-19.892429483357617,-25.604981528212125,-2.30183006352
-19.959260002617484,-25.67952596915913,-2.30153965633
-20.026071014522103,-25.754092314784994,-2.30124781993
-20.09286242201996,-25.828680674068213,-2.30095455463
-20.159634128059537,-25.903291155987297,-2.30065986079
-20.226386035589314,-25.977923869520737,-2.30036373874
-20.29311804755777,-26.052578923647044,-2.30006618883
-20.35983006691339,-26.127256427344708,-2.29976721139
-20.42652199660465,-26.201956489592245,-2.29946680679
-20.493193739580036,-26.276679219368148,-2.29916497537
-20.559845198788032,-26.351424725650922,-2.29886171748
-20.626476277177115,-26.426193117419068,-2.29855703349
-20.693086877695766,-26.50098450365109,-2.29825092376
-20.759676903292466,-26.57579899332548,-2.29794338864
-20.826246256915702,-26.650636695420754,-2.29763442851
-20.89279484151395,-26.725497718915403,-2.29732404374
-20.95932256003569,-26.800382172787934,-2.29701223469
-21.025829315429412,-26.87529016601685,-2.29669900175
-21.092315010643585,-26.950221807580643,-2.2963843453
-21.158779548626704,-27.02517720645783,-2.29606826571
-21.225222832327237,-27.100156471626896,-2.29575076336
-21.291644764693675,-27.17515971206636,-2.29543183866
-21.358045248674497,-27.250187036754713,-2.29511149199
-21.42442418721818,-27.325238554670452,-2.29478972374
-21.49078148327321,-27.400314374792092,-2.29446653432
-21.557117039788064,-27.475414606098127,-2.29414192412
-21.62343075971123,-27.55053935756706,-2.29381589355
-21.689722545991188,-27.625688738177395,-2.29348844301
-21.755992301576413,-27.70086285690763,-2.29315957292
-21.822239929415392,-27.77606182273627,-2.29282928369
-21.888465332456605,-27.851285744641814,-2.29249757573
-21.954668413648534,-27.926534731602768,-2.29216444948
-22.02084907593966,-28.001808892597627,-2.29182990534
-22.08700722227846,-28.077108336604898,-2.29149394376
-22.153142755613423,-28.152433172603082,-2.29115656515
-22.219255578893026,-28.227783509570678,-2.29081776996
-22.285345595065753,-28.303159456486195,-2.29047755862
-22.351412707080083,-28.37856112232813,-2.29013593157
-22.417456817884496,-28.453988616074977,-2.28979288926
-22.48347783042748,-28.52944204670525,-2.28944843213
-22.549475647657502,-28.604921523197447,-2.28910256063
-22.61545017252306,-28.68042715453007,-2.28875527522
-22.68140130797263,-28.755959049681614,-2.28840657637
-22.74732895695469,-28.831517317630592,-2.28805646452
-22.813233022417723,-28.9071020673555,-2.28770494014
-22.879113407310207,-28.982713407834837,-2.28735200371
-22.944970014580633,-29.05835144804711,-2.28699765569
-23.010802747177475,-29.134016296970813,-2.28664189657
-23.07661150804921,-29.209708063584458,-2.28628472682
-23.142396200144333,-29.285426856866543,-2.28592614692
-23.20815672641131,-29.361172785795564,-2.28556615736
-23.273892989798636,-29.436945959350034,-2.28520475864
-23.339604893254783,-29.512746486508444,-2.28484195124
-23.405292339728234,-29.5885744762493,-2.28447773566
-23.470955232167476,-29.664430037551107,-2.28411211242
-23.53659347352098,-29.74031327939236,-2.283745082
-23.602206966737242,-29.816224310751565,-2.28337664493
-23.66779561476473,-29.89216324060723,-2.28300680171
-23.73335932055193,-29.96813017793784,-2.28263555286
-23.798897987047326,-30.04412523172191,-2.2822628989
-23.864411517199393,-30.12014851093794,-2.28188884036
-23.92989981395662,-30.19620012456443,-2.28151337776
-23.99536278026748,-30.27228018157988,-2.28113651164
-24.060800319080464,-30.348388790962797,-2.28075824254
-24.12621233334405,-30.42452606169168,-2.28037857099
-24.191598726006713,-30.500692102745024,-2.27999749753
-24.256959400016942,-30.576887023101342,-2.27961502273
-24.322294258323215,-30.653110931739132,-2.27923114712
-24.387603203874015,-30.72936393763689,-2.27884587127
-24.45288613961782,-30.80564614977313,-2.27845919573
-24.518142968503117,-30.881957677126334,-2.27807112107
-24.58337359347838,-30.958298628675024,-2.27768164786
-24.6485779174921,-31.034669113397698,-2.27729077667
-24.713755843492756,-31.111069240272844,-2.27689850807
-24.778907274428818,-31.18749911827898,-2.27650484265
-24.84403211324878,-31.2639588563946,-2.276109781
-24.909130330754493,-31.34044849283154,-2.27572071338
-24.97420462792893,-31.416965218399945,-2.27540789333
-25.039261306746,-31.49350246831013,-2.27518875004
-25.104306915389976,-31.570053420991016,-2.27506326677
-25.169348002045115,-31.64661125487149,-2.27503143214
-25.234391114895697,-31.723169148380467,-2.27509324009
-25.299442802125974,-31.79972027994685,-2.27524868993
-25.364509611920216,-31.87625782799954,-2.27549778632
-25.429598092462694,-31.952774970967454,-2.27584053922
-25.494714791937668,-32.029264887279474,-2.27627696384
-25.55986625852941,-32.10572075536453,-2.27680708051
-25.625059040422183,-32.182135753651515,-2.27743091463
-25.690299685800255,-32.25850306056933,-2.27814849649
-25.755594742847894,-32.33481585454689,-2.27895986111
-25.82095075974936,-32.41106731401308,-2.2798650481
-25.886374284688923,-32.487250617396825,-2.28086410138
-25.95187186585085,-32.563358943127035,-2.281957069
-26.01745005141941,-32.63938546963259,-2.28314400287
-26.083115389578857,-32.71532337534241,-2.28442495846
-26.148874428513473,-32.7911658386854,-2.28579999452
-26.214733716407515,-32.866906038090455,-2.2872691727
-26.280699801445255,-32.9425371519865,-2.28883255725
-26.34677923181095,-33.01805235880241,-2.2904902146
-26.412978555688873,-33.09344483696712,-2.29224221292
-26.47930432126329,-33.16870776490952,-2.29408862176
-26.54576307671847,-33.24383432105851,-2.29602951153
-26.612361370238673,-33.318817683843,-2.29806495301
-26.679105750008162,-33.393651031691896,-2.30019501687
-26.746002764211216,-33.468327543034114,-2.30241977308
-26.813058961032095,-33.54284039629854,-2.30473929038
-26.88028088865506,-33.61718276991409,-2.30715363568
-26.947675095264383,-33.69134784230965,-2.30966287339
-27.01524812904433,-33.76532879191415,-2.31226706484
-27.08300653817917,-33.83911879715649,-2.31496626753
-27.15095687085316,-33.91271103646555,-2.31776053448
-27.219105675250574,-33.986098688270275,-2.32064991347
-27.287459499555677,-34.059274930999536,-2.32363444628
-27.356024891952732,-34.13223294308224,-2.32671416791
-27.42480840062601,-34.20496590294732,-2.32988910575
-27.493816573759773,-34.27746698902366,-2.33315927877
-27.563055959538293,-34.34972937974017,-2.33652469662
-27.632533106145832,-34.42174625352575,-2.33998535876
-27.70225456176665,-34.493510788809296,-2.34354125354
-27.77222687458503,-34.56501616401974,-2.34719235722
-27.84245659278522,-34.636255557585955,-2.35093863307
-27.912950264551498,-34.70722214793687,-2.35478003033
-27.983714438068123,-34.77790911350139,-2.3587164832
-28.054755661519373,-34.84830963270839,-2.36274790982
-28.126080483089495,-34.91841688398681,-2.36687421122
-28.197695450962772,-34.988224045765534,-2.37109527024
-28.269607113323467,-35.057724296473474,-2.37541095042
-28.34182201835584,-35.12691081453954,-2.37982109491
-28.414346714244164,-35.19577677839263,-2.38432552537
-28.487187749172698,-35.26431536646163,-2.38892404078
-28.560351671325716,-35.33251975717549,-2.39361641633
-28.63384502888748,-35.40038312896308,-2.39840240228
-28.70767437004226,-35.46789866025331,-2.40328172275
-28.78184624297432,-35.53505952947509,-2.40825407459
-28.856367195867918,-35.60185891505732,-2.41331912621
-28.931243776907333,-35.66828999542892,-2.41847651638
-29.006482534276827,-35.734345949018774,-2.42372585312
-29.082090016160667,-35.800019954255795,-2.4290667125
-29.158072770743114,-35.86530518956889,-2.43449863751
-29.234437346208438,-35.930194833386956,-2.44002113691
-29.311190290740903,-35.99468206413891,-2.44563368415
-29.388338152524778,-36.058760060253654,-2.45133571625
-29.465887479744335,-36.122422000160086,-2.45712663272
-29.543844820583832,-36.18566106228711,-2.46300579452
-29.62221672322753,-36.24847042506364,-2.46897252308
-29.701009735859706,-36.31084326691857,-2.47502609928
-29.78023040666463,-36.37277276628081,-2.48116576254
-29.859885283826554,-36.43425210157928,-2.48739070992
-29.939980915529752,-36.49527445124286,-2.49370009529
-30.020523849958487,-36.555832993700456,-2.50009302855
-30.10152063529703,-36.615920907380996,-2.50656857486
-30.182977819729647,-36.67553137071336,-2.51312575403
-30.2649019514406,-36.734657562126465,-2.51976353987
-30.34729957861416,-36.79329266004922,-2.52648085969
-30.430177249434582,-36.85142984291051,-2.53327659384
-30.51354151208615,-36.909062289139264,-2.54014957536
-30.597398914753118,-36.966183177164375,-2.54709858964
-30.681756005619757,-37.02278568541475,-2.55412237426
-30.76661933287033,-37.07886299231929,-2.56121961888
-30.8519954446891,-37.13440827630689,-2.56838896521
-30.937890889260345,-37.189414715806485,-2.5756290071
-31.024312214768322,-37.24387548924695,-2.58293829074
-31.1112659693973,-37.29778377505721,-2.59031531496
-31.198758701331545,-37.351132751666164,-2.5977585316
-31.28679695875532,-37.4039155975027,-2.60526634604
-31.37538548979286,-37.45612468801498,-2.61282951658
-31.464516697913886,-37.50774689187908,-2.62043454191
-31.554177807824303,-37.55876676759942,-2.62808412766
-31.64435602649892,-37.60916886577078,-2.63578134655
-31.735038560912532,-37.65893773698799,-2.64352926689
-31.826212618039975,-37.70805793184586,-2.6513309549
-31.91786540485604,-37.756514000939184,-2.65918947694
-32.009984128335546,-37.80429049486276,-2.66710790157
-32.10255599545331,-37.85137196421144,-2.67508930147
-32.19556821318412,-37.89774295957997,-2.68313675522
-32.2890079885028,-37.94338803156322,-2.69125334885
-32.38286252838417,-37.98829173075595,-2.69944217735
-32.47711903980304,-38.032438607752994,-2.70770634592
-32.5717647297342,-38.07581321314915,-2.71604897107
-32.66678680515246,-38.11840009753922,-2.7244731816
-32.76217247303266,-38.160183811518046,-2.73298211928
-32.85790894034959,-38.2011489056804,-2.74157893949
-32.95398341407805,-38.24127993062109,-2.75026681151
-33.050383101192885,-38.28056143693494,-2.75904891868
-33.14709520866887,-38.318977975216754,-2.76792845834
-33.24410694348083,-38.35651409606134,-2.77690864148
-33.34140551260357,-38.3931543500635,-2.78599269218
-33.438978123011914,-38.42888328781805,-2.79518384678
-33.53681198168066,-38.463685459919795,-2.80448535274
-33.63489429558463,-38.49754541696355,-2.81390046722
-33.733212271698605,-38.530447709544106,-2.82343245538
-33.831753116997426,-38.56237688825629,-2.83308458826
-33.9305040384559,-38.59331750369489,-2.84286014039
-34.02945224304882,-38.62325410645474,-2.85276238694
-34.12858493775103,-38.65217124713061,-2.86279460058
-34.2278893295373,-38.68005347631734,-2.8729600478
-34.32735262538245,-38.70688534460974,-2.88326198488
-34.426962032261315,-38.73265140260259,-2.89370365336
-34.52670475714868,-38.75733620089073,-2.90428827498
-34.626568007019365,-38.78092429006894,-2.91501904619
-34.72653898884818,-38.80340022073205,-2.92589913209
-34.82660490960994,-38.824748543474854,-2.93693165974
-34.926752976279445,-38.844953808892164,-2.94811971101
-35.02697039583152,-38.86400056757879,-2.95946631477
-35.127244375240956,-38.88187337012953,-2.97097443842
-35.22756212148257,-38.89855676713921,-2.98264697887
-35.32791084153119,-38.91403530920263,-2.99448675278
-35.4282777423616,-38.928293546914595,-3.00649648622
-35.52865003094863,-38.94131603086991,-3.01867880358
-35.62901491426708,-38.9530873116634,-3.03103621588
-35.72935959929176,-38.96359193988985,-3.04357110835
-35.82967129299749,-38.97281446614408,-3.05628572736
-35.92993720235907,-38.980739441020894,-3.06918216673
-36.030144534351315,-38.98735141511511,-3.08226235336
-36.13028049594903,-38.99263493902152,-3.09552803233
-36.23033229412704,-38.99657456333494,-3.10898075134
-36.33028713586014,-38.999154838650185,-3.12262184478
-36.43013222812315,-39.000360315562055,-3.13645241717
-36.52985477789087,-39.00017554466535,3.13271198078
-36.629441992138126,-38.9985850765549,3.11850014064
-36.728881077839695,-38.9955734618255,3.10409705667
-36.82815924197044,-38.99112525107195,3.08950271452
-36.92726369150514,-38.98522499488907,3.07471741584
-37.026181633418595,-38.977857243871675,3.05974179553
-37.12490027468563,-38.969006548614544,3.04457683865
-37.22340682228105,-38.95865745971251,3.02922389688
-37.321688483179685,-38.946794527760375,3.01368470438
-37.41973246435633,-38.93340230335295,2.9979613927
-37.51752597278578,-38.91846533708504,2.98205650482
-37.61505621544287,-38.901968179551446,2.96597300785
-37.712310749610474,-38.88389706723464,2.94979829
-37.809281949180345,-38.86426141695942,2.93385560045
-37.9059656898496,-38.84308749828893,2.91817944123
-38.00235792625672,-38.82040196069829,2.90277258093
-38.098454613040204,-38.79623145366262,2.88763717878
-38.19425170483852,-38.77060262665708,2.87277481629
-38.28974515629017,-38.74354212915676,2.85818653007
-38.384930922033604,-38.715076610636785,2.84387284528
-38.47980495670733,-38.68523272057231,2.82983380958
-38.574363214949834,-38.65403710843844,2.81606902702
-38.66860165139958,-38.62151642371029,2.80257769177
-38.76251622069506,-38.58769731586302,2.78935862127
-38.85610287747477,-38.55260643437173,2.77641028871
-38.949357576377174,-38.51627042871155,2.76373085456
-39.042276272040766,-38.47871594835762,2.75131819712
-39.134854919104015,-38.43996964278505,2.73916994182
-39.22708947220543,-38.40005816146897,2.72728348927
-39.31897588598347,-38.35900815388451,2.715656042
-39.410510115076626,-38.31684626950679,2.70428462983
-39.501688114123375,-38.273599157810935,2.69316613377
-39.59250583776222,-38.22929346827208,2.68229730857
-39.682959240631625,-38.18395585036535,2.67167480386
-39.77304427737007,-38.137612953565856,2.66129518389
-39.862756902616056,-38.090291427348745,2.65115494592
-39.95209307100805,-38.04201792118912,2.64125053734
-40.04104873718454,-37.992819084562136,2.63157837147
-40.12961985578401,-37.9427215669429,2.6221348422
-40.21780238144495,-37.89175201780653,2.61291633745
-40.30559226880583,-37.83993708662817,2.60391925158
-40.39298547250513,-37.787303422882935,2.59513999671
-40.479977947181354,-37.733877676045964,2.58657501315
-40.56656564747297,-37.67968649559236,2.57822077885
-40.65274452801847,-37.624756530997274,2.5700738181
-40.738510543456314,-37.56911443173581,2.56213070938
-40.823859648425014,-37.5127868472831,2.55438809256
-40.908787797563036,-37.45580042711429,2.54684267536
-40.993290945508875,-37.39818182070448,2.53949123933
-41.077365046901,-37.33995767752881,2.53233064521
-41.16100605637791,-37.2811546470624,2.52535783777
-41.24420992857806,-37.221799378780375,2.51856985036
-41.32697261813996,-37.16191852215787,2.51196380891
-41.40929007970208,-37.10153872667001,2.50553693569
-41.49115826790291,-37.0406866417919,2.49928655276
-41.572573137380935,-36.979388916998694,2.49321008516
-41.65353064277463,-36.9176722017655,2.48730506386
-41.73402673872248,-36.85556314556745,2.48156912865
-41.81405737986297,-36.79308839787967,2.47600003076
-41.89361852083458,-36.73027460817729,2.47059563552
-41.97270800559368,-36.667147147342135,2.46536089807
-42.051338182237764,-36.60372157059853,2.46031119161
-42.12952811752152,-36.540008886328714,2.45544936237
-42.20729691485047,-36.47602007811154,2.4507776557
-42.28466367763012,-36.411766129525894,2.44629818838
-42.36164750926598,-36.34725802415067,2.44201295077
-42.43826751316355,-36.282506745564724,2.43792380918
-42.51454279272833,-36.217523277346956,2.43403250825
-42.59049245136584,-36.15231860307622,2.43034067353
-42.66613559248158,-36.086903706331384,2.426849814
-42.74149131948106,-36.021289570691344,2.42356132467
-42.81657873576978,-35.955487179734966,2.4204764892
-42.891416944753246,-35.88950751704113,2.41759648246
-42.966025049836965,-35.823361566188716,2.41492237305
-43.04042215442646,-35.75706031075659,2.41245512577
-43.114627361927205,-35.69061473432364,2.41019560399
-43.18865977574473,-35.624035820468734,2.40814457197
-43.26253849928453,-35.557334552770754,2.40630269694
-43.336282635952124,-35.49052191480857,2.40467055119
-43.409911289153,-35.42360889016105,2.40324861392
-43.483443562292685,-35.35660646240708,2.40203727296
-43.55689855877667,-35.289525615125534,2.40103682634
-43.6302949306199,-35.22237707780297,2.40021919995
-43.70364206449413,-35.15516636437029,2.39943057883
-43.776940662645764,-35.08789410020728,2.39864778004
-43.85019109226682,-35.020560722088234,2.39787080293
-43.923393720549335,-34.95316666678745,2.39709964682
-43.996548914685356,-34.885712371079265,2.39633431097
-44.069657041866925,-34.818198271737934,2.39557479465
-44.14271846928609,-34.75062480553779,2.39482109708
-44.21573356413489,-34.68299240925313,2.39407321743
-44.288702693605366,-34.615301519658246,2.39333115487
-44.36162622488954,-34.54755257352746,2.39259490854
-44.4345045251795,-34.47974600763504,2.39186447752
-44.507337961667254,-34.41188225875533,2.39113986091
-44.580126901544844,-34.3439617636626,2.39042105774
-44.65287171200433,-34.275984959131165,2.38970806705
-44.725572760237725,-34.20795228193533,2.38900088782
-44.798230413437096,-34.13986416884939,2.38829951904
-44.870845038794485,-34.07172105664766,2.38760395965
-44.94341700350193,-34.00352338210442,2.38691420858
-45.015946674751454,-33.935271581993995,2.38623026475
-45.08843441973512,-33.866966093090674,2.38555212702
-45.160880605644984,-33.79860735216877,2.38487979428
-45.233285599673046,-33.73019579600257,2.38421326535
-45.30564976901138,-33.661731861366384,2.38355253908
-45.37797348085203,-33.593215985034526,2.38289761425
-45.450257102387,-33.52464860378129,2.38224848967
-45.52250100080837,-33.45603015438097,2.3816051641
-45.59470554330817,-33.38736107360787,2.38096763629
-45.66687109707845,-33.31864179823629,2.38033590499
-45.73899802931124,-33.24987276504055,2.37970996892
-45.811086707198584,-33.18105441079494,2.37908982679
-45.88313749793254,-33.112187172273764,2.37847547729
-45.95515076870512,-33.04327148625132,2.3778669191
-46.02712688670839,-32.974307789501914,2.37726415089
-46.09906621913438,-32.90529651879985,2.37666717132
-46.17096913317513,-32.83623811091944,2.37607597904
-46.2428359960227,-32.767133002634964,2.37549057266
-46.314667174869115,-32.697981630720726,2.37491095083
-46.38646303690642,-32.62878443195105,2.37433711215
-46.458223949326666,-32.55954184310022,2.37376905522
-46.52995027932188,-32.490254300942546,2.37320677864
-46.60164239408412,-32.42092224225234,2.37265028101
-46.67330066080541,-32.35154610380387,2.37209956089
-46.74492544667781,-32.28212632237147,2.37155461686
-46.81651711889335,-32.21266333472944,2.3710154475
-46.88807604464407,-32.14315757765207,2.37048205135
-46.959602591122035,-32.07360948791368,2.36995442698
-47.031097125519246,-32.004019502288536,2.36943257293
-47.102560015027784,-31.934388057550983,2.36891648776
-47.17399162683968,-31.864715590475296,2.36840616999
-47.245392328146956,-31.795002537835796,2.36790161819
-47.316762486141684,-31.725249336406765,2.36740283087
-47.38810246801589,-31.655456422962516,2.36690980658
-47.4594126409616,-31.585624234277358,2.36642254384
-47.530693372170894,-31.51575320712558,2.36594104119
-47.60194502883578,-31.445843778281496,2.36546529717
-47.67316797814832,-31.3758963845194,2.36499531029
-47.74436258730055,-31.305911462613594,2.36453107909
-47.81552922348451,-31.235889449338387,2.3640726021
-47.88666825389224,-31.165830781468078,2.36361987786
-47.95778004571578,-31.095735895776972,2.36317290489
-48.02886496614719,-31.025605229039364,2.36273168173
-48.099923382378485,-30.95543921802956,2.36229620693
-48.17095566160174,-30.885238299521863,2.36186647901
-48.241962171008964,-30.815002910290573,2.36144249654
-48.312943277792215,-30.744733487110004,2.36102425804
-48.383899349143526,-30.67443046675444,2.36061176208
-48.454830752254956,-30.6040942859982,2.36020500722
-48.52573785431854,-30.53372538161557,2.359803992
-48.5966210225263,-30.46332419038086,2.35940871501
-48.66748062407031,-30.392891149068387,2.35901917481
-48.73831702614259,-30.322426694452425,2.35863536998
-48.80913059593519,-30.2519312633073,2.3582572991
-48.879921700640146,-30.181405292407295,2.35788496077
-48.95069070744951,-30.110849218526724,2.35751835359
-49.021437983555316,-30.040263478439893,2.35715747617
-49.09216389614961,-29.9696485089211,2.35680232711
-49.16286881242443,-29.89900474674464,2.35645290503
-49.23355309957182,-29.828332628684823,2.35610920858
-49.304217124783825,-29.757632591515954,2.3557712364
-49.37486125525248,-29.686905072012326,2.35543898712
-49.44548585816984,-29.61615050694825,2.35511245941
-49.51609130072793,-29.54536933309802,2.35479165194
-49.586677950118805,-29.474561987235944,2.35447656339
-49.657246173534496,-29.40372890613633,2.35416719244
-49.727796338167046,-29.33287052657347,2.3538635378
-49.79832881120851,-29.261987285321666,2.35356559818
-49.86884395985092,-29.191079619155225,2.3532733723
-49.939342151286326,-29.120147964848446,2.3529868589
-50.009823752706765,-29.04919275917564,2.35270605672
-50.08028913130427,-28.978214438911106,2.35243096453
-50.15073865427088,-28.907213440829132,2.35216158108
-50.221172688798674,-28.836190201704035,2.35189790518
-50.29159160207965,-28.76514515831012,2.3516399356
-50.36199576130587,-28.694078747421678,2.35138767117
-50.432385533669375,-28.62299140581302,2.35114111071
-50.5027612863622,-28.551883570258443,2.35090025305
-50.5731233865764,-28.480755677532247,2.35066509705
-50.64347220150401,-28.409608164408745,2.35043564158
-50.71380809833706,-28.338441467662225,2.3502118855
-50.78413144426761,-28.26725602406701,2.34999382773
-50.8544426064877,-28.196052270397377,2.34978146715
-50.924741952189365,-28.124830643427643,2.34957480271
-50.99502984856464,-28.053591579932114,2.34937383335
-51.06530666280559,-27.982335516685076,2.349178558
-51.13557276210423,-27.911062890460855,2.34898897566
-51.20582851365262,-27.83977413803373,2.3488050853
-51.2760742846428,-27.768469696178013,2.34862688592
-51.34631044226682,-27.697150001668007,2.34845437655
-51.416537353716684,-27.62581549127801,2.34828755623
-51.48675538618448,-27.55446660178234,2.34812642399
-51.55696490686222,-27.483103769955274,2.34797097891
-51.627166282941964,-27.411727432571137,2.34782122008
-51.697359881615746,-27.340338026404215,2.3476771466
-51.76754607007561,-27.26893598822882,2.34753875758
-51.837725215513586,-27.19752175481926,2.34740605216
-51.90789768512174,-27.126095762949817,2.3472790295
-51.97806384609209,-27.05465844939481,2.34715768876
-52.048224065616694,-26.983210250928533,2.34704202914
-52.11837871088759,-26.911751604325293,2.34693204984
-52.18852814909681,-26.840282946359395,2.34682775009
-52.25867274743641,-26.768804713805135,2.34672912912
-52.32881287309843,-26.697317343436815,2.34663618619
-52.398948893274905,-26.625821272028737,2.34654892059
-52.469081175157875,-26.55431693635521,2.34646733161
-52.53921008593939,-26.482804773190537,2.34639141856
-52.609335992811495,-26.411285219309015,2.34632118078
-52.679459262966226,-26.33975871148494,2.34625661761
-52.74958026359562,-26.268225686492624,2.34619772843
-52.81969936189172,-26.19668658110637,2.34614451262
-52.88981692504658,-26.125141832100475,2.34609696959
-52.959933320252226,-26.053591876249246,2.34605509876
-53.030048914700714,-25.982037150326978,2.34601889958
-53.100164075584075,-25.910478091107976,2.3459883715
-53.17027917009436,-25.838915135366552,2.34596351402
-53.2403945654236,-25.767348719876995,2.34594432662
-53.31051062876385,-25.695779281413614,2.34593080882
-53.38062772730714,-25.624207256750704,2.34592296017
-53.45074622824553,-25.55263308266258,2.34592078021
-53.52086649877104,-25.48105719592354,2.34592426852
-53.59098890607572,-25.409480033307883,2.3459334247
-53.66111381735162,-25.337902031589902,2.34594824835
-53.73124159979077,-25.26632362754392,2.3459687391
-53.801372620585205,-25.19474525794423,2.34599489661
-53.871507246927,-25.123167359565123,2.34602672054
-53.94164584600817,-25.051590369180925,2.34606421058
-54.01178878502076,-24.98001472356591,2.34610736642
-54.08193643115682,-24.908440859494405,2.3461561878
-54.15208915160838,-24.8368692137407,2.34621067446
-54.22224731356749,-24.765300223079095,2.34627082616
-54.2924112842262,-24.693734324283906,2.34633664267
-54.36258143077655,-24.622171954129414,2.34640812379
-54.43275812041055,-24.550613549389944,2.34648526933
-54.50294172032027,-24.47905954683979,2.34656807914
-54.57313259769777,-24.407510383253236,2.34665655306
-54.643331119735045,-24.33596649540462,2.34675069096
-54.713537653624186,-24.264428320068205,2.34685049273
-54.7837525665572,-24.19289629401833,2.34695595828
-54.853976225726136,-24.121370854029273,2.34706708752
-54.92420899832305,-24.04985243687534,2.3471838804
-54.99445125153997,-23.978341479330847,2.34730633688
-55.06470335256895,-23.90683841817007,2.34743445693
-55.13496566860201,-23.835343690167345,2.34756824055
-55.20523856683121,-23.76385773209695,2.34770768774
-55.2755224144486,-23.69238098073319,2.34785279853
-55.3458175786462,-23.620913872850384,2.34800357298
-55.41612442661608,-23.549456845222803,2.34816001113
-55.48644332555023,-23.478010334624784,2.34832211307
-55.55677464264074,-23.406574777830606,2.34848987889
-55.62711874507966,-23.335150611614573,2.3486633087
-55.697476000058984,-23.263738272751002,2.34884240263
-55.767846774770796,-23.192338198014177,2.34902716082
-55.83823143640712,-23.120950824178426,2.34921758343
-55.90863035215999,-23.049576588018027,2.34941367064
-55.979043889221465,-22.978215926307282,2.34961542263
-56.04947241478358,-22.906869275820508,2.34982283961
-56.11991629603838,-22.83553707333199,2.3500359218
-56.19037590017789,-22.764219755616057,2.35025466943
-56.26085159439417,-22.692917759446996,2.35047908276
-56.331343745879266,-22.621631521599095,2.35070916205
-56.40185272182521,-22.55036147884668,2.35094490757
-56.47237888942405,-22.479108067964034,2.35118631963
-56.54292261586781,-22.407871725725478,2.35143339852
-56.61348426834855,-22.336652888905306,2.35168614457
-56.68406421405831,-22.265451994277807,2.3519445581
-56.75466282018913,-22.194269478617304,2.35220863948
-56.825280453933054,-22.123105778698083,2.35247838905
-56.89591748248211,-22.05196133129446,2.35275380718
-56.96657427302836,-21.980836573180742,2.35303489427
-57.03725119276384,-21.909731941131202,2.35332165071
-57.10794860888058,-21.83864787192017,2.3536140769
-57.17866688857064,-21.76758480232193,2.35391217327
-57.24940639902604,-21.696543169110804,2.35421594025
-57.320167507438846,-21.625523409061085,2.35452537827
-57.3909505810011,-21.55452595894706,2.3548404878
-57.46175598690482,-21.483551255543063,2.3551612693
-57.53258409234206,-21.412599735623363,2.35548772323
-57.60343526450486,-21.341671835962288,2.35581985008
-57.67430987058527,-21.270767993334132,2.35615765035
-57.745208277775326,-21.199888644513184,2.35650112453
-57.81613085326706,-21.129034226273774,2.35685027314
-57.88707796425255,-21.05820517539017,2.35720509669
-57.958049977923785,-20.987401928636704,2.35756559571
-58.02904726147285,-20.916624922787665,2.35793177075
-58.10007018209177,-20.84587459461735,2.35830362233
-58.17111910697258,-20.775151380900084,2.358681151
-58.24219440330735,-20.704455718410138,2.35906435734
-58.313296438288084,-20.63378804392184,2.35945324189
-58.384425579106846,-20.56314879420948,2.35984780522
-58.45558219295568,-20.492538406047352,2.36024804792
-58.52676664702662,-20.42195731620978,2.36065397056
-58.59797930851171,-20.351405961471045,2.36106557372
-58.669220544602986,-20.280884778605472,2.36148285799
-58.7404907224925,-20.21039420438735,2.36190582397
-58.81179020937229,-20.13993467559097,2.36233447226
-58.8831193724344,-20.06950662899066,2.36276880344
-58.95447857887087,-19.999110501360697,2.36320881814
-59.02586819587374,-19.928746729475403,2.36365451694
-59.097288590635046,-19.85841575010907,2.36410590047
-59.16874013034686,-19.788118000035997,2.36456296932
-59.24022318220119,-19.7178539160305,2.36502572412
-59.31173811339009,-19.64762393486686,2.36549416546
-59.383285291105594,-19.577428493319413,2.36596829396
-59.45486508253975,-19.50726802816243,2.36644811024
-59.52647785488462,-19.437142976170218,2.3669336149
-59.598123975332214,-19.367053774117093,2.36742480855
-59.669803811074594,-19.29700085877734,2.3679216918
-59.74151772930379,-19.226984666925283,2.36842426525
-59.813266097211844,-19.157005635335214,2.36893252952
-59.88504928199082,-19.087064200781423,2.36944648519
-59.95686765083273,-19.017160800038226,2.36996613287
-60.02872157092964,-18.94729586987992,2.37049147315
-60.10061140947357,-18.877469847080814,2.37102250662
-60.17253753365657,-18.80768316841521,2.37155923385
-60.2445003106707,-18.737936270657393,2.37210165544
-60.316500107707974,-18.66822959058169,2.37264977194
-60.38853729196046,-18.59856356496238,2.37320358393
-60.46061223062018,-18.52893863057378,2.37376309196
-60.53272529087918,-18.4593552241902,2.37432829658
-60.60487683992951,-18.389813782585918,2.37489919834
-60.677067244963204,-18.32031474253526,2.37547579777
-60.749296873172305,-18.25085854081251,2.37605809539
-60.821566091748856,-18.18144561419198,2.37664609171
-60.89387526788491,-18.11207639944798,2.37723978725
-60.9662247687725,-18.042751333354786,2.37783918249
-61.03861496160365,-17.973470852686734,2.37844427791
-61.11104621357043,-17.904235394218095,2.37905507399
-61.183518891864864,-17.835045394723195,2.37967157118
-61.256033363678995,-17.765901290976334,2.38029376992
-61.32858999620489,-17.69680351975179,2.38092167064
-61.401189156634565,-17.627752517823893,2.38155527376
-61.473831212160064,-17.558748721966925,2.38219457967
-61.54651652997343,-17.489792568955213,2.38283958876
-61.61924547726671,-17.420884495563048,2.3834903014
-61.69201842123195,-17.35202493856471,2.38414671794
-61.764835729061176,-17.28321433473453,2.3848088387
-61.837697767946466,-17.214453120846795,2.385476664
-61.91060490507981,-17.145741733675823,2.38615019414
-61.98355750765328,-17.077080609995907,2.38682942939
-62.05655594285891,-17.00847018658133,2.38751437001
-62.12960057788875,-16.93991090020643,2.38820501623
-62.20269177993485,-16.871403187645484,2.38890136826
-62.27582991618923,-16.80294748567281,2.3896034263
-62.349015353843946,-16.7345442310627,2.39031119051
-62.42224846009103,-16.666193860589452,2.39102466103
-62.49552960212253,-16.597896811027383,2.39174383799
-62.568859147130496,-16.529653519150777,2.39246872147
-62.64223746230695,-16.461464421733957,2.39319931155
-62.71566491484396,-16.393329955551206,2.39393560827
-62.789141871933545,-16.325250557376847,2.39467761164
-62.86266870076775,-16.25722666398517,2.39542532165
-62.936245768538626,-16.18925871215047,2.39617873826
-63.009873442438206,-16.12134713864706,2.3969378614
-63.08355208965856,-16.053492380249235,2.39770269096
-63.15728207739169,-15.985694873731312,2.39847322681
-63.23106377282965,-15.91795505586758,2.3992494688
-63.3048975431645,-15.850273363432336,2.40003141671
-63.378783755588266,-15.782650233199902,2.40081907034
-63.45272277729299,-15.71508610194456,2.4016124294
-63.52671497547071,-15.647581406440631,2.4024114936
-63.60076071731348,-15.580136583462405,2.40321626262
-63.674860370013356,-15.51275206978418,2.40402673608
-63.74901430076234,-15.445428302180275,2.40484291357
-63.823222876752496,-15.37816571742497,2.40566479466
-63.89748646517587,-15.31096475229259,2.40649237885
-63.971805433224496,-15.24382584355743,2.40732566563
-64.04618014809043,-15.176749427993776,2.40816465444
-64.1206109769657,-15.109735942375957,2.40900934467
-64.19509828704234,-15.042785823478251,2.40985973567
-64.26964244551239,-14.975899508074978,2.41071582677
-64.34424381956794,-14.909077432940439,2.41157761722
-64.41890277640097,-14.84232003484892,2.41244510626
-64.49361968320355,-14.77562775057474,2.41331829306
-64.56839490716774,-14.70900101689219,2.41419717676
-64.64322881548554,-14.642440270575586,2.41508175645
-64.71812177534903,-14.575945948399223,2.41597203116
-64.79307415395023,-14.509518487137392,2.41686799988
-64.86808631848118,-14.443158323564413,2.41776966157
-64.94315863613394,-14.376865894454575,2.4186770151
-65.01829147410055,-14.310641636582195,2.41959005932
-65.09348519957302,-14.244485986721564,2.42050879302
-65.16874017974345,-14.17839938164698,2.42143321493
-65.24405678180382,-14.112382258132763,2.42236332374
-65.31943537294622,-14.046435052953194,2.42329911807
-65.39487632036266,-13.980558202882598,2.4242405965
-65.47037999124518,-13.914752144695258,2.42518775754
-65.54594675278587,-13.84901731516548,2.42614059964
-65.62157697217671,-13.783354151067575,2.42709912122
-65.69727101660978,-13.717763089175836,2.4280633206
-65.7730292532771,-13.65224456626457,2.42903319608
-65.84885204937073,-13.586799019108089,2.43000874587
-65.92473977208273,-13.521426884480668,2.43098996813
-66.00069278860508,-13.456128599156642,2.43197686095
-66.0767114661299,-13.390904599910282,2.43296942238
-66.15279617184918,-13.325755323515917,2.43396765036
-66.22894727295493,-13.26068120674784,2.43497154282
-66.30516513663927,-13.19568268638034,2.43598109757
-66.38145013009422,-13.13076019918774,2.4369963124
-66.4578026205118,-13.065914181944324,2.438017185
-66.53422297508405,-13.001145071424414,2.439043713
-66.61071156100301,-12.936453304402301,2.44007589396
-66.68726874546077,-12.87183931765228,2.44111372537
-66.76389489564932,-12.807303547948665,2.44215720464
-66.84059037876074,-12.742846432065749,2.44320632913
-66.91735556198701,-12.678468406777851,2.4442610961
-66.99419081252024,-12.614169908859257,2.44532150274
-67.07109649755243,-12.54995137508427,2.44638754618
-67.14807298427566,-12.485813242227206,2.44745922345
-67.22512063988194,-12.421755947062346,2.44853653152
-67.30223983156331,-12.357779926364016,2.44961946728
-67.37943092651182,-12.293885616906504,2.45070802753
-67.45669429191953,-12.230073455464106,2.45180220899
-67.53403029497846,-12.166343878811144,2.45290200831
-67.61143930288067,-12.1026973237219,2.45400742205
-67.68892168281818,-12.039134226970692,2.45511844668
-67.76647780198303,-11.97565502533182,2.45623507859
-67.8441080275673,-11.91226015557957,2.45735731409
-67.92181272676298,-11.84895005448827,2.4584851494
-67.99959226676218,-11.785725158832197,2.45961858065
-68.07744701475686,-11.722585905385674,2.46075760388
-68.1553773379391,-11.659532730922995,2.46190221504
-68.23338360350098,-11.596566072218453,2.46305241
-68.31146617863448,-11.533686366046366,2.46420818452
-68.38962543053168,-11.470894049181025,2.46536953429
-68.46786172638458,-11.408189558396744,2.46653645488
-68.54617543338529,-11.345573330467818,2.46770894179
-68.62456691872579,-11.283045802168541,2.46888699041
-68.70303654959815,-11.220607410273228,2.47007059603
-68.78158469319443,-11.158258591556173,2.47125975386
-68.86021171670664,-11.095999782791692,2.47245445899
-68.93891798732682,-11.033831420754073,2.47365470643
-69.01770387224704,-10.971753942217616,2.47486049107
-69.0965697386593,-10.909767783956639,2.47607180772
-69.17551595375569,-10.847873382745426,2.47728865107
-69.25454288472822,-10.786071175358302,2.47851101572
-69.33365089876894,-10.72436159856955,2.47973889614
-69.4128403630699,-10.662745089153471,2.48097228673
-69.49211164482313,-10.601222083884387,2.48221118175
-69.5714651112207,-10.539793019536576,2.48345557538
-69.65090112945461,-10.478458332884358,2.48470546168
-69.73042006671692,-10.417218460702037,2.48596083459
-69.81002229019968,-10.356073839763894,2.48722168795
-69.88970816709492,-10.295024906844256,2.4884880155
-69.96947806459468,-10.234072098717407,2.48975981084
-70.04933234989102,-10.173215852157659,2.49103706749
-70.12927139017596,-10.112456603939318,2.49231977882
-70.20929555264158,-10.051794790836672,2.49360793811
-70.28940520447986,-9.991230849624035,2.49490153851
-70.36960071288291,-9.9307652170757,2.49620057307
-70.44988244504273,-9.870398329965987,2.49750503469
-70.53025076815135,-9.810130625069185,2.4988149162
-70.61070604940086,-9.749962539159586,2.50013021025
-70.69124865598326,-9.689894509011513,2.50145090942
-70.77187895509061,-9.629926971399254,2.50277700614
-70.85259731391494,-9.570060363097124,2.50410849272
-70.93340409964831,-9.510295120879416,2.50544536136
-71.01429967948276,-9.450631681520429,2.50678760412
-71.09528442061031,-9.391070481794479,2.50813521294
-71.17635869022303,-9.33161195847585,2.50948817963
-71.25752285551295,-9.272256548338863,2.51084649588
-71.33877728367209,-9.21300468815781,2.51221015324
-71.42012234189252,-9.153856814706987,2.51357914314
-71.50155839736628,-9.094813364760716,2.51495345688
-71.58308581728541,-9.035874775093276,2.51633308563
-71.66470496884195,-8.977041482478986,2.51771802041
-71.74641621922792,-8.918313923692148,2.51910825212
-71.82821993563542,-8.859692535507051,2.52050377154
-71.91011648525642,-8.801177754698012,2.52190456929
-71.99210623528303,-8.74277001803932,2.52331063587
-72.07418955290721,-8.684469762305289,2.52472196164
-72.15636680532107,-8.626277424270219,2.52613853682
-72.23863835971666,-8.568193440708402,2.52756035149
-72.32100458328595,-8.510218248394153,2.52898739559
-72.40346584322106,-8.452352284101764,2.53041965894
-72.48602250671398,-8.394595984605552,2.5318571312
-72.56867361253819,-8.336948364414413,2.53323802481
-72.65141160505154,-8.279401377755867,2.53448116743
-72.73422688620676,-8.221944792165544,2.53558631392
-72.8171098573426,-8.164568374521725,2.53655357395
-72.90005091979782,-8.107261891702722,2.53738304207
-72.98304047491118,-8.050015110586829,2.53807479712
-73.06606892402147,-7.992817798052331,2.53862890179
-73.14912666846742,-7.9356597209775455,2.53904540226
-73.23220410958783,-7.878530646240754,2.53932432788
-73.31529164872144,-7.821420340720269,2.53946569096
-73.39837968720701,-7.764318571294381,2.53946948659
-73.48145862638331,-7.707215104841379,2.53933569258
-73.56451886758911,-7.650099708239579,2.53906426942
-73.64755081216317,-7.592962148367261,2.53865516035
-73.73054486144423,-7.535792192102739,2.53810829154
-73.81349141677109,-7.4785796063243035,2.53742357222
-73.8963808794825,-7.421314157910244,2.53660089501
-73.97920365091723,-7.363985613738876,2.53564013628
-74.06195013241403,-7.306583740688479,2.53454115654
-74.14461072531164,-7.249098305637368,2.53330380099
-74.22717583094888,-7.191519075463832,2.53192790009
-74.30963585066449,-7.133835817046162,2.5304132702
-74.3919811857972,-7.076038297262672,2.52875971438
-74.47420223768584,-7.018116282991643,2.52696702312
-74.55628940766911,-6.960059541111388,2.52503497534
-74.6382330970858,-6.9018578385002,2.5229633393
-74.72002370727469,-6.843500942036365,2.52075187372
-74.80165163957452,-6.784978618598202,2.51840032892
-74.88310729532407,-6.726280635063987,2.51590844808
-74.96438107586206,-6.667396758312036,2.51327596855
-75.0454633825273,-6.608316755220642,2.51050262329
-75.12634461665857,-6.549030392668091,2.5075881424
-75.20701517959456,-6.489527437532699,2.50453225473
-75.28746547267411,-6.429797656692745,2.50133468958
-75.36768589723594,-6.369830817026548,2.49799517852
-75.44766685461883,-6.309616685412392,2.49451345729
-75.52739874616154,-6.249145028728572,2.4908892678
-75.60687197320281,-6.188405613853399,2.48712236024
-75.68607693708145,-6.127388207665154,2.4832124953
-75.76500403913619,-6.066082577042154,2.47915944646
-75.84364368070578,-6.004478488862687,2.47496300243
-75.92198626312903,-5.942565710005042,2.47062296961
-76.00002218774468,-5.880334007347535,2.46613917476
-76.07774185589149,-5.817773147768445,2.46151146769
-76.15513566890822,-5.7548728981460915,2.45673972407
-76.23219402813365,-5.6916230253587585,2.45182384835
-76.30890733490652,-5.628013296284737,2.44676377676
-76.38526599056561,-5.564033477802343,2.44155948041
-76.4612603964497,-5.499673336789857,2.43621096849
-76.5368809538975,-5.434922640125594,2.43071829149
-76.61211806424781,-5.369771154687842,2.42508154461
-76.68696212883941,-5.304208647354891,2.41930087115
-76.76140354901104,-5.238224885005057,2.41337646598
-76.83543272610147,-5.17180963451662,2.40730857913
-76.90904006144946,-5.104952662767896,2.40109751932
-76.98221595639374,-5.037643736637173,2.39474365768
-77.05495081227316,-4.96987262300274,2.38824743133
-77.12723503042639,-4.9016290887429115,2.38160934714
-77.19905901219227,-4.832902900735971,2.37482998535
-77.2704131589095,-4.763683825860233,2.36791000331
-77.34128787191688,-4.693961630993985,2.36085013913
-77.4116735525532,-4.623726083015516,2.35365121529
-77.48156060215715,-4.552966948803142,2.34631414221
-77.55093942206753,-4.481673995235144,2.3388399218
-77.61980201862454,-4.409838955347374,2.33132318915
-77.68815183448439,-4.33746757188231,2.32395004242
-77.7559972761489,-4.264571668388468,2.31672555067
-77.82334677026581,-4.191163093093644,2.30964965645
-77.89020874348297,-4.11725369422559,2.3027222392
-77.95659162244813,-4.0428553200121,2.29594311992
-78.02250383380905,-3.9679798186809356,2.28931206595
-78.08795380421358,-3.892639038459862,2.28282879545
-78.15294996030947,-3.8168448275766718,2.2764929819
-78.21750072874453,-3.7406090342591187,2.27030425839
-78.28161453616653,-3.663943506734996,2.26426222183
-78.34529980922325,-3.5868600932320676,2.25836643702
-78.4085649745625,-3.509370641978095,2.25261644056
-78.47141845883206,-3.4314870012008734,2.24701174469
-78.53386868867972,-3.3532210191281555,2.2415518409
-78.59592409075326,-3.274584543987735,2.23623620347
-78.65759309170049,-3.195589424007376,2.2310642929
-78.7188841181692,-3.1162475074148395,2.2260355591
-78.77980559680712,-3.036570642437921,2.22114944458
-78.84036595426211,-2.9565706773043727,2.21640538739
-78.90057361718192,-2.87625946024199,2.21180282404
-78.96043701221437,-2.7956488394785337,2.20734119219
-79.0199645660072,-2.7147506632417673,2.20301993334
-79.07916470520823,-2.633576779759487,2.19883849525
-79.13804585646525,-2.5521390372594426,2.19479633443
-79.19661644642603,-2.4704492839694305,2.19089291835
-79.25488490173838,-2.3885193681172123,2.18712772766
-79.31285964905008,-2.3063611379305504,2.18350025824
-79.37054911500891,-2.2239864416372424,2.1800100232
-79.42796118016959,-2.1414067103838574,2.17661907991
-79.4850935269395,-2.058625586433726,2.17313925059
-79.54193480122629,-1.9756398103806987,2.16954440075
-79.59847333623976,-1.892445883994128,2.16583423462
-79.65469746518967,-1.8090403090434033,2.16200844958
-79.71059552128578,-1.7254195872978657,2.15806673759
-79.76615583773791,-1.6415802205269039,2.15400878664
-79.82136674775576,-1.5575187104998716,2.14983428234
-79.87621658454917,-1.4732315589861211,2.14554290952
-79.93069368132788,-1.3887152677550416,2.14113435386
-79.98478637130164,-1.3039663385759748,2.13660830367
-80.03848298768027,-1.218981273218309,2.13196445166
-80.0917718636735,-1.1337565734513975,2.12720249677
-80.14464133249112,-1.0482887410445931,2.12232214615
-80.19707972734292,-0.9625742777672852,2.11732311712
-80.24907538143864,-0.8766096853888146,2.11220513922
-80.30061662798806,-0.7903914656785707,2.10696795634
-80.35169180020097,-0.7039161204059061,2.10161132893
-80.40228923128713,-0.6171801513401741,2.09613503621
-80.45239725445632,-0.5301800602507637,2.09053887855
-80.5020042029183,-0.4429123489070156,2.08482267983
-80.55109840988283,-0.3553735190783195,2.07898628986
-80.5996682085597,-0.26756007253402814,2.07302958696
-80.6477019321587,-0.17946851104349387,2.06695248046
-80.69518791388957,-0.09109533637610723,2.06075491337
-80.74211448696211,-0.00243705030120751,2.05443686505
-80.78846998458606,0.08650984541181493,2.04799835394
-80.8342427399712,0.17574884899360704,2.04143944032
-80.87942108632733,0.2652834586748172,2.03476022913
-80.9239933568642,0.35511717268605486,2.02796087283
-80.96794788479158,0.44525348925798014,2.02104157423
-81.01127300331925,0.5356959066212023,2.01400258946
-81.05395704565699,0.6264479230063698,2.0068442308
-81.09598834501455,0.7175130366441295,1.99956686965
-81.13735523460171,0.8088947457650917,1.99217093939
-81.17804604762826,0.9005965485999166,1.98465693831
-81.21804911730393,0.9926219433792128,1.97702543249
-81.25735277683854,1.0849744283336293,1.9692770586
-81.29594535944186,1.1776575016938133,1.96141252671
-81.3338151983236,1.2706746616903737,1.95343262301
-81.37095062669361,1.364029406553972,1.94533821251
-81.40733997776161,1.457725234515217,1.93713024155
-81.44297158473739,1.551765643804756,1.92880974031
-81.47783378083075,1.646154132653238,1.92037782518
-81.5119148992514,1.7408941992912708,1.91183570097
-81.54520327320915,1.835989341949517,1.903184663
-81.57768723591379,1.931443058858584,1.89442609906
-81.60935512057506,2.02725884824912,1.88556149111
-81.64019526040275,2.1234402083517745,1.87659241691
-81.6701959886066,2.2199906373971534,1.86752055131
-81.69934563839642,2.316913633615921,1.85834766744
-81.72763254298197,2.4142126952386844,1.84907563761
-81.75504503557302,2.5118913204960918,1.83970643391
-81.78157144937934,2.609953007618792,1.83024212867
-81.8072001176107,2.708401254837391,1.82068489451
-81.8319193734769,2.8072395603825546,1.8110370042
-81.85571755018768,2.9064714224848878,1.80130083016
-81.87858298095279,3.00610033937504,1.79147884366
-81.90050399898207,3.1061298092836607,1.78157361376
-81.92146893748523,3.206563330441355,1.77158780581
-81.94146612967208,3.3074044010787884,1.76152417973
-81.9604839087524,3.408656519426565,1.75138558788
-81.97851060782327,3.5103231833930018,1.74117492696
-81.99553183368018,3.612400088890338,1.73085488362
-82.01152339710224,3.7148548980735367,1.72038472777
-82.02645890947026,3.817648978967509,1.70975482573
-82.040311982165,3.9207436995971094,1.69895545079
-82.05305622656722,4.024100427987235,1.68797676951
-82.0646652540577,4.1276805321627785,1.6768088295
-82.07511267601721,4.231445380148598,1.66544154886
-82.08437210382651,4.335356339969603,1.65386470719
-82.09241714886637,4.439374779650645,1.64206793864
-82.09922142251756,4.543462067216623,1.63004072674
-82.10475853616084,4.647579570692432,1.61777240155
-82.109002101177,4.751688658102927,1.60525213916
-82.11192572894677,4.855750697473018,1.59246896378
-82.11350303085095,4.959727056827557,1.5794117529
-82.11370761827031,5.063579104191443,1.56606924556
-82.11251310258562,5.167268207589572,1.55243005432
-82.10989309517763,5.270755735046796,1.53848268121
-82.10582120742711,5.3740030545880275,1.52421553809
-82.10027105071484,5.47697153423812,1.50961697195
-82.09321623642158,5.57962254202197,1.49467529548
-82.08463037592811,5.681917445964472,1.47937882371
-82.0744870806152,5.7838176140904825,1.46371591689
-82.06275996186359,5.885284414424909,1.44767503048
-82.04942263105407,5.986279214992608,1.4312447726
-82.03444869956742,6.086763383818476,1.41441396958
-82.01781177878439,6.186698288927407,1.39717174009
-81.99948548008575,6.2860452983442565,1.37950757821
-81.97944341485227,6.384765780093935,1.36141144599
-81.95765919446474,6.482821102201298,1.34287387566
-81.9341064303039,6.580172632691237,1.32388608157
-81.90875873375053,6.676781739588653,1.30444008197
-81.88158971618537,6.7726097909183975,1.28452883019
-81.85257298898924,6.86761815470538,1.26414635483
-81.82168216354289,6.961768198974458,1.24328790798
-81.78889085122707,7.055021291750528,1.22195012038
-81.75417266342257,7.147338801058481,1.20013116181
-81.71750121151014,7.238682094923176,1.17783090478
-81.67885010687057,7.32901254136952,1.15505108894
-81.63819296088461,7.418291508422369,1.1317954832
-81.59550338493305,7.506480364106621,1.10807004222
-81.55075499039663,7.593540476447167,1.08388305329
-81.50392259690614,7.679434172231066,1.05935896446
-81.45502513121765,7.764158777827042,1.03551570103
-81.40413721311359,7.847755812749469,1.0126122034
-81.35133702739186,7.930269625399341,0.990668562633
-81.29670275885044,8.01174456417765,0.969699325122
-81.24031259228734,8.092224977485355,0.949714042075
-81.18224471250042,8.17175521372346,0.930717841851
-81.12257730428772,8.25037962129292,0.912712006747
-81.06138855244717,8.328142548594732,0.895694539393
-80.99875664177674,8.405088344029886,0.879660707114
-80.9347597570744,8.481261355999342,0.864603555751
-80.86947608313808,8.5567059329041,0.85051438712
-80.8029838047658,8.631466423145122,0.837383196683
-80.73536110675549,8.7055871751234,0.825199069887
-80.66668617390509,8.779112537239923,0.813950537157
-80.5970371910126,8.852086857895655,0.803625888688
-80.52649234287597,8.924554485491594,0.794213450981
-80.45512981429313,8.996559768428702,0.785701827611
-80.38302779006209,9.068147055107973,0.778080107023
-80.31026445498078,9.139360693930392,0.771338040293
-80.23691799384719,9.210245033296927,0.765466191737
-80.16306659145924,9.280844421608574,0.760456065172
-80.08878843261495,9.351203207266295,0.756300208383
-80.01416170211222,9.421365738671081,0.752992298144
-79.93926458474904,9.491376364223926,0.750527207787
-79.86417526532341,9.56127943232579,0.748901059041
-79.78897192863323,9.631119291377669,0.748111259513
-79.71373275947649,9.700940289780531,0.748156526826
-79.63853574283543,9.770786662581479,0.749011080464
-79.5634342133546,9.840688660884878,0.750099561545
-79.48843337471844,9.910649231479942,0.751184847879
-79.41353286472757,9.980668163673768,0.752266929918
-79.33873232118266,10.050745246773417,0.753345798172
-79.26403138188425,10.120880270085975,0.754421443211
-79.18942968463297,10.191073022918529,0.755493855661
-79.11492686722946,10.261323294578137,0.75656302621
-79.04052256747428,10.3316308743719,0.757628945602
-78.96621642316809,10.401995551606873,0.758691604641
-78.8920080721115,10.472417115590149,0.759750994189
-78.81789715210505,10.54289535562881,0.760807105165
-78.74388330094942,10.613430061029915,0.76185992855
-78.66996615644521,10.684021021100566,0.76290945538
-78.59614535639302,10.754668025147815,0.763955676749
-78.52242053859345,10.825370862478756,0.764998583812
-78.44879134084714,10.896129322400473,0.766038167779
-78.37525740095467,10.966943194220027,0.767074419921
-78.30181835671667,11.037812267244513,0.768107331565
-78.22847384593375,11.10873633078099,0.769136894095
-78.1552235064065,11.179715174136549,0.770163098955
-78.08206697593553,11.250748586618274,0.771185937645
-78.0090038923215,11.321836357533225,0.772205401724
-77.93603389336496,11.392978276188499,0.773221482807
-77.86315661686658,11.464174131891154,0.774234172567
-77.79037170062692,11.53542371394828,0.775243462734
-77.71767878244658,11.606726811666963,0.776249345097
-77.64507750012623,11.678083214354263,0.777251811498
-77.57256749146643,11.749492711317274,0.77825085384
-77.50014839426784,11.820955091863059,0.779246464081
-77.427819846331,11.892470145298702,0.780238634235
-77.3555814854566,11.964037660931293,0.781227356374
-77.28343294944517,12.035657428067893,0.782212622626
-77.2113738760974,12.107329236015595,0.783194425175
-77.13940390321382,12.179052874081457,0.784172756261
-77.06752266859512,12.250828131572568,0.785147608181
-76.99572981004184,12.32265479779602,0.786118973287
-76.92402496535465,12.394532662058866,0.787086843987
-76.85240777233412,12.466461513668207,0.788051212745
-76.78087786878088,12.5384411419311,0.789012072079
-76.70943489249555,12.610471336154632,0.789969414564
-76.6380784812787,12.682551885645893,0.79092323283
-76.56680827293097,12.75468257971194,0.791873519561
-76.49562390525296,12.82686320765987,0.792820267497
-76.4245250160453,12.899093558796743,0.793763469431
-76.35351124310858,12.971373422429645,0.794703118213
-76.28258222424343,13.043702587865665,0.795639206746
-76.21173759725043,13.116080844411863,0.796571727986
-76.14097699993023,13.188507981375334,0.797500674945
-76.0703000700834,13.260983788063136,0.798426040687
-75.9997064455106,13.33350805378236,0.799347818333
-75.92919576401239,13.406080567840092,0.800266001054
-75.8587676633894,13.478701119543388,0.801180582075
-75.78842178144222,13.55136949819935,0.802091554676
-75.71815775597152,13.624085493115036,0.802998912187
-75.64797522477787,13.69684889359753,0.803902647994
-75.57787382566185,13.769659488953923,0.804802755534
-75.50785319642412,13.84251706849127,0.805699228296
-75.4379129748653,13.915421421516676,0.806592059821
-75.36805279878594,13.988372337337191,0.807481243703
-75.29827230598671,14.061369605259907,0.808366773589
-75.22857113426818,14.134413014591912,0.809248643174
-75.15894892143099,14.207502354640265,0.810126846207
-75.08940530527572,14.280637414712059,0.811001376489
-75.019939923603,14.353817984114357,0.811872227869
-74.95055241421343,14.427043852154245,0.81273939425
-74.88124241490766,14.500314808138814,0.813602869583
-74.81200956348626,14.573630641375116,0.814462647871
-74.7428534977498,14.646991141170256,0.815318723167
-74.67377385549901,14.720396096831287,0.816171089573
-74.6047702745344,14.793845297665298,0.817019741242
-74.53584239265659,14.867338532979378,0.817864672376
-74.46698984766623,14.940875592080584,0.818705877226
-74.39821227736391,15.014456264276015,0.819543350093
-74.32950931955025,15.08808033887273,0.820377085327
-74.26088061202586,15.161747605177816,0.821207077324
-74.19232579259132,15.23545785249836,0.822033320531
-74.12384449904728,15.309210870141419,0.822855809444
-74.05543636919434,15.383006447414095,0.823674538606
-73.9871010408331,15.456844373623445,0.824489502605
-73.91883815176416,15.530724438076552,0.825300696081
-73.85064733978815,15.604646430080509,0.82610811372
-73.7825282427057,15.678610138942375,0.826911750252
-73.71448049831737,15.752615353969244,0.827711600459
-73.64650374442382,15.826661864468177,0.828507659166
-73.57859761882563,15.90074945974626,0.829299921245
-73.51076175932339,15.974877929110583,0.830088381615
-73.44299580371779,16.049047061868205,0.830873035241
-73.37529938980934,16.12325664732622,0.831653877132
-73.30767215539873,16.197506474791684,0.832430902346
-73.24011373828655,16.27179633357169,0.833204105982
-73.17262377627338,16.346126012973333,0.833973483187
-73.10520190715987,16.420495302303657,0.834739029152
-73.03784776874659,16.494903990869766,0.835500739111
-72.97056099883419,16.569351867978718,0.836258608346
-72.90334123522325,16.643838722937602,0.837012632178
-72.8361881157144,16.71836434505351,0.837762805977
-72.76910127810825,16.79292852363349,0.838509125152
-72.70208036020539,16.86753104798464,0.83925158516
-72.63512499980648,16.942171707414033,0.839990181496
-72.56823483471206,17.016850291228742,0.840724909701
-72.50140950272278,17.091566588735862,0.841455765359
-72.43464864163927,17.16632038924245,0.842182744095
-72.36795188926209,17.241111482055604,0.842905841577
-72.30131888339189,17.315939656482378,0.843625053513
-72.23474926182928,17.390804701829865,0.844340375655
-72.16824266237484,17.46570640740515,0.845051803796
-72.1017987228292,17.540644562515293,0.845759333768
-72.03541708099299,17.615618956467394,0.846462961448
-71.96909737466677,17.69062937856851,0.847162682749
-71.90283924165121,17.765675618125726,0.847858493628
-71.83664231974689,17.840757464446128,0.84855039008
-71.77050624675442,17.91587470683678,0.849238368141
-71.70443066047439,17.99102713460478,0.849922423887
-71.63841519870746,18.06621453705718,0.850602553432
-71.57245949925421,18.141436703501075,0.851278752931
-71.50656319991522,18.216693423243544,0.851951018577
-71.44072593849118,18.29198448559165,0.852619346602
-71.37494735278264,18.367309679852497,0.853283733275
-71.30922708059022,18.442668795333137,0.853944174906
-71.24356475971454,18.51806162134066,0.854600667841
-71.1779600279562,18.59348794718215,0.855253208464
-71.11241252311582,18.668947562164668,0.855901793197
-71.04692188299403,18.744440255595315,0.856546418499
-70.98148774539139,18.81996581678114,0.857187080866
-70.91610974810855,18.895524035029236,0.857823776831
-70.85078752894611,18.9711146996467,0.858456502963
-70.78552072570469,19.04673759994058,0.859085255868
-70.72030897618487,19.122392525217975,0.859710032188
-70.6551519181873,19.19807926478594,0.860330828599
-70.59004918951257,19.27379760795157,0.860947641816
-70.52500042796127,19.349547344021946,0.861560468586
-70.46000527133405,19.425328262304138,0.862169305693
-70.39506335743148,19.50114015210523,0.862774149955
-70.33017432405423,19.576982802732285,0.863374998225
-70.26533780900287,19.652856003492396,0.863971847391
-70.20055345007799,19.728759543692647,0.864564694373
-70.13582088508022,19.804693212640093,0.865153536128
-70.07113975181021,19.880656799641834,0.865738369644
-70.00650968806852,19.956650094004935,0.866319191944
-69.94193033165577,20.032672885036476,0.866896000082
-69.87740132037258,20.108724962043542,0.867468791149
-69.81292229201956,20.184806114333206,0.868037562265
-69.74849288439731,20.26091613121255,0.868602310583
-69.68411273530648,20.33705480198864,0.869163033291
-69.61978148254764,20.413221915968556,0.869719727606
-69.55549876392139,20.4894172624594,0.870272390777
-69.49126421722836,20.565640630768222,0.870821020087
-69.42707748026915,20.641891810202118,0.871365612848
-69.36293819084442,20.71817059006815,0.871906166404
-69.29884598675473,20.7944767596734,0.87244267813
-69.23480050580068,20.870810108324967,0.872975145431
-69.17080138578292,20.9471704253299,0.873503565743
-69.10684826450203,21.0235574999953,0.874027936533
-69.04294077975864,21.099971121628222,0.874548255295
-68.97907856935338,21.176411079535757,0.875064519558
-68.9152612710868,21.252877163024994,0.875576726874
-68.85148852275957,21.329369161402987,0.876084874831
-68.78775996217226,21.405886863976836,0.87658896104
-68.72407522712551,21.482430060053602,0.877088983146
-68.6604339554199,21.55899853894037,0.877584938818
-68.59683578485607,21.63559208994422,0.878076825759
-68.5332803532346,21.712210502372255,0.878564641694
-68.46976729835615,21.788853565531493,0.879048384381
-68.40629625802129,21.865521068729052,0.879528051604
-68.34286687003063,21.942212801272003,0.880003641174
-68.27947877218479,22.018928552467425,0.88047515093
-68.21613160228438,22.09566811162242,0.880942578738
-68.15282499813001,22.17243126804402,0.881405922492
-68.0895585975223,22.249217811039323,0.881865180111
-68.02633203826186,22.326027529915407,0.882320349543
-67.96314495814929,22.402860213979352,0.882771428759
-67.89999699498517,22.479715652538257,0.883218415759
-67.83688778657019,22.55659363489916,0.883661308568
-67.77381697070489,22.633493950369157,0.884100105237
-67.71078418518991,22.710416388255325,0.884534803843
-67.64778906782584,22.787360737864752,0.884965402486
-67.58483125641331,22.86432678850452,0.885391899294
-67.52191038875294,22.941314329481678,0.885814292419
-67.45902610264532,23.01832315010332,0.886232580038
-67.3961780358911,23.095353039676525,0.886646760352
-67.33336582629082,23.172403787508372,0.887056831586
-67.27058911164512,23.249475182905957,0.887462791992
-67.20784752975464,23.326567015176323,0.887864639842
-67.14514071841997,23.40367907362656,0.888262373434
-67.08246831544172,23.48081114756375,0.888655991091
-67.0198299586205,23.55796302629497,0.889045491158
-66.9572252857569,23.63513449912732,0.889430872002
-66.89465393465157,23.712325355367845,0.889812132015
-66.83211554310512,23.789535384323628,0.890189269612
-66.76960974891811,23.866764375301756,0.89056228323
-66.7071361898912,23.944012117609304,0.890931171328
-66.64469450382498,24.02127840055337,0.89129593239
-66.58228432852006,24.098563013440994,0.891656564919
-66.51990530177706,24.175865745579273,0.892013067442
-66.4575570613966,24.25318638627529,0.892365438509
-66.39523924517925,24.330524724836117,0.892713676688
-66.33295149092567,24.40788055056885,0.893057780573
-66.27069343643642,24.485253652780532,0.893397748776
-66.20846471951215,24.562643820778263,0.893733579932
-66.14626497795346,24.640050843869112,0.894065272697
-66.08409384956099,24.717474511360162,0.894392825747
-66.02195097213524,24.79491461255852,0.894716237781
-65.95983598347696,24.872370936771212,0.895035507516
-65.8977485213867,24.949843273305337,0.895350633691
-65.83568822366506,25.02733141146797,0.895661615064
-65.77365472811265,25.104835140566202,0.895968450416
-65.71164767253009,25.182354249907124,0.896271138545
-65.64966669471801,25.259888528797774,0.89656967827
-65.587711432477,25.337437766545246,0.896864068431
-65.52578152360768,25.415001752456625,0.897154307886
-65.46387660591063,25.492580275838986,0.897440395513
-65.40199631718649,25.570173125999425,0.897722330208
-65.34014029523587,25.64778009224498,0.89800011089
-65.27830817785936,25.725400963882752,0.898273736493
-65.21649960285761,25.803035530219816,0.898543205971
-65.15471420803121,25.880683580563257,0.898808518299
-65.09295163118072,25.95834490422017,0.899069672468
-65.03121151010686,26.03601929049758,0.899326667488
-64.96949348261013,26.113706528702608,0.89957950239
-64.90779718649122,26.191406408142313,0.899828176219
-64.8461222595507,26.269118718123774,0.900072688042
-64.78446833958915,26.346843247954112,0.900313036941
-64.72283506440726,26.42457978694034,0.900549222019
-64.66122207180561,26.50232812438956,0.900781242394
-64.5996289995848,26.580088049608854,0.901009097204
-64.53805548554543,26.657859351905298,0.901232785603
-64.4765011674881,26.735641820586,0.901452306764
-64.41496568321345,26.813435244957983,0.901667659875
-64.3534486705221,26.89123941432836,0.901878844143
-64.29194976721463,26.969054118004195,0.902085858792
-64.2304686110917,27.04687914529258,0.902288703063
-64.16900483995383,27.124714285500595,0.902487376214
-64.10755809160172,27.202559327935294,0.90268187752
-64.04612800383593,27.280414061903766,0.902872206272
-63.9847142144571,27.358278276713094,0.903058361779
-63.92331636126582,27.436151761670352,0.903240343364
-63.86193408206269,27.51403430608265,0.90341815037
-63.800567014648365,27.591925699257004,0.903591782154
-63.73921479682342,27.66982573050053,0.90376123809
-63.67787706638847,27.747734189120298,0.903926517568
-63.61655346114412,27.825650864423395,0.904087619995
-63.555243618891,27.903575545716905,0.904244544792
-63.4939471774297,27.981508022307874,0.904397291399
-63.43266377456085,28.059448083503405,0.904545859269
-63.37139304808506,28.137395518610568,0.904690247873
-63.31013463580294,28.21535011693644,0.904830456696
-63.24888817551505,28.293311667788128,0.904966485241
-63.187653305022074,28.37127996047266,0.905098333023
-63.126429662124586,28.449254784297143,0.905225999577
-63.065216884623204,28.527235928568643,0.90534948445
-63.004014610318535,28.605223182594255,0.905468787205
-62.94282247701118,28.683216335681063,0.905583907423
-62.88164012250177,28.76121517713611,0.905694844696
-62.82046718459092,28.839219496266495,0.905801598635
-62.75930330107921,28.917229082379293,0.905904168865
-62.698148109767274,28.995243724781577,0.906002555025
-62.6370012484557,29.073263212780468,0.90609675677
-62.575862354945116,29.151287335682976,0.906186773771
-62.51473106703615,29.22931588279621,0.906272605711
-62.45360702252938,29.307348643427257,0.906354252292
-62.392489859225435,29.38538540688318,0.906431713229
-62.3313792149249,29.46342596247109,0.90650498825
-62.270274727428436,29.541470099498014,0.9065740771
-62.209176034536604,29.619517607271053,0.906638979539
-62.14808277405004,29.69756827509729,0.906699695341
-62.08699458376935,29.7756218922838,0.906756224295
-62.02591110149513,29.853678248137683,0.906808566204
-61.96483196502802,29.931737131965974,0.906856720887
-61.903756812168616,30.009798333075768,0.906900688175
-61.84268528071752,30.08786164077415,0.906940467918
-61.78161700847534,30.165926844368194,0.906976059976
-61.720551633242685,30.243993733165002,0.907007464227
-61.65948879282019,30.32206209647161,0.907034680561
-61.59842812500847,30.400131723595113,0.907057708885
-61.5373692676081,30.478202403842587,0.907076549118
-61.476311858419706,30.55627392652112,0.907091201195
-61.415255535243894,30.6343460809378,0.907101665067
-61.35419993588129,30.712418656399674,0.907107940695
